alcaldia,colonia,superficie_km2_calculada,vocacion_principal,uso_suelo_num,consumo_total,consumo_total_dom,consumo_total_no_dom,bimestres_cubiertos,consumo_anualizado,pob,consumo_per_capita,consumo_per_capita_anualizado,densidad_poblacional,total_reportes,reportes_fuga,reportes_falta_agua,tiene_reportes_2019,idsm,e_idsm,latitud,longitud
CUAUHTEMOC,JUAREZ,1.4823661240472443,Comercial/Servicios,1,1046448.3,276014.12,667282.31,3.0,2092896.6,7860.0,133.13591603053436,266.2718,5302.333797631694,388.0,0.0,388.0,True,0.9161628484726,Alto,19.431001501,-99.1538469678
CUAUHTEMOC,CENTRO IV,1.2587934045539304,Comercial/Servicios,1,855370.09,110727.44,604580.05,3.0,1710740.18,6648.0,128.66577767749698,257.3316,5281.247880668555,44.0,0.0,44.0,True,0.75175565481186,Bajo,19.432541489,-99.1310777594
MIGUEL HIDALGO,LOMAS DE CHAPULTEPEC,3.1103772748247343,Habitacional/Comercial,1,838645.61,425581.32,394763.06,3.0,1677291.22,3385.5,247.71691330674938,495.4338,1088.4531684956992,609.0,0.0,609.0,True,0.0,Sin dato,19.4174384006,-99.2177935523
CUAUHTEMOC,DOCTORES IV,0.693519047377668,Comercial/Servicios,1,761460.58,172953.26,549868.32,3.0,1522921.16,8224.0,92.59005107003891,185.1801,11858.362118670802,247.0,0.0,247.0,True,0.83932733535767,Medio,19.4154265967,-99.1505590778
CUAUHTEMOC,CUAUHTEMOC,1.2356000008321137,Comercial/Servicios,1,750166.45,324022.41,361931.99,3.0,1500332.9,10591.0,70.8305589651591,141.6611,8571.544183285449,509.0,0.0,509.0,True,0.95580095052719,Muy alto,19.4256455656,-99.1758124073
MAGDALENA CONTRERAS,SAN JERONIMO ACULCO - LIDICE (PBLO),3.7071384244579733,Habitacional/Reserva,0,715020.88,519966.83,174013.75,3.0,1430041.76,21559.0,33.16577206735006,66.3315,5815.536818847593,196.0,0.0,196.0,True,0.91503071784973,Alto,19.3208607085,-99.2375996183
BENITO JUAREZ,NAPOLES,0.9047545364166124,Habitacional/Comercial,1,710590.24,441300.44,234159.7,3.0,1421180.48,15648.0,45.41093047034765,90.8219,17295.298746968165,316.0,0.0,316.0,True,0.96561563014984,Muy alto,19.3891188034,-99.179234009
CUAUHTEMOC,CENTRO VIII,1.1446375371262654,Comercial/Servicios,1,699272.53,220500.15,382838.12,3.0,1398545.06,9318.0,75.0453455677184,150.0907,8140.568256562538,76.0,0.0,76.0,True,0.84578329324722,Medio,19.4269282643,-99.15192679
MIGUEL HIDALGO,GRANADA,0.9775728099318132,Habitacional/Comercial,1,687067.58,261379.47,417265.56,3.0,1374135.16,7924.0,86.70716557294296,173.4143,8105.790095115993,17.0,0.0,17.0,True,0.9335013628006,Alto,19.4400484095,-99.190859047
ALVARO OBREGON,JARDINES DEL PEDREGAL,5.859860491367216,Habitacional/Comercial,1,652454.59,541750.2,107271.9,3.0,1304909.18,12403.0,52.604578730952184,105.2092,2116.6032908585757,1052.0,0.0,1052.0,True,0.9699849486351,Muy alto,19.3083590438,-99.2128149069
MIGUEL HIDALGO,CHAPULTEPEC POLANCO (POLANCO),0.6412565178534415,Habitacional/Comercial,1,627269.61,186787.39,393155.88,3.0,1254539.22,3039.0,206.40658440276405,412.8132,4739.133116608041,18.0,0.0,18.0,True,0.96545135974884,Muy alto,19.4298838999,-99.1925803553
MIGUEL HIDALGO,CHAPULTEPEC MORALES (POLANCO),0.589993281730828,Habitacional/Comercial,1,579934.47,310196.69,199587.25,3.0,1159868.94,6682.0,86.7905522298713,173.5811,11325.552691714414,35.0,0.0,35.0,True,0.97163277864456,Muy alto,19.4327036374,-99.1906881553
AZCAPOTZALCO,EL ROSARIO B (U HAB),0.36005822206340593,Industrial/Comercial,2,554755.23,457672.0,97083.28,3.0,1109510.46,10036.0,55.27652750099641,110.5531,27873.269890869677,16.0,0.0,16.0,True,0.84384691715241,Medio,19.5112673568,-99.2012849179
CUAJIMALPA,CORREDOR SANTA FE,1.753454206636622,Habitacional/Corporativo,1,544084.4,306853.67,216263.41999999998,3.0,1088168.8,10432.0,52.155329754601226,104.3107,5949.399739392156,45.0,0.0,45.0,True,0.97742861509323,Muy alto,19.3562703893,-99.2746966451
CUAUHTEMOC,ROMA NORTE III,0.8616351011266065,Comercial/Servicios,1,529300.87,275627.24,161783.59,3.0,1058601.74,11206.0,47.23370248081385,94.4674,13005.505445806368,75.0,0.0,75.0,True,0.91261440515518,Alto,19.4118086649,-99.166413326
GUSTAVO A. MADERO,LINDAVISTA II,3.255606305730928,Habitacional/Industrial,1,523630.27,245368.85,249061.83000000002,3.0,1047260.54,8598.0,60.90140381484066,121.8028,2640.9827210571248,37.0,0.0,37.0,True,0.93416965007782,Alto,19.4986078485,-99.1274474413
BENITO JUAREZ,SAN PEDRO DE LOS  PINOS,0.9370009200558743,Habitacional/Comercial,1,523306.12,348287.49,144213.05,3.0,1046612.24,13201.0,39.64139989394743,79.2828,14088.566742509507,221.0,0.0,221.0,True,0.95705008506775,Muy alto,19.3855288494,-99.1871165955
ALVARO OBREGON,LOMAS DE SANTA FE II,2.48180045591349,Habitacional/Comercial,1,502583.64,78103.88,424479.78,3.0,1005167.28,3530.0,142.3749688385269,284.7499,1422.3544812351538,41.0,0.0,41.0,True,0.84482455253601,Medio,19.3673872989,-99.2625566882
MIGUEL HIDALGO,ANZURES,0.8419052183296634,Habitacional/Comercial,1,501693.68,220828.97,249758.2,3.0,1003387.36,5233.0,95.87114083699599,191.7423,6215.6640510938405,18.0,0.0,18.0,True,0.95855975151062,Muy alto,19.4299069097,-99.1794178052
CUAUHTEMOC,ROMA NORTE I,0.7311762617439691,Comercial/Servicios,1,464302.45,178743.379,212209.81,3.0,928604.9,5668.0,81.91645201129147,163.8329,7751.892801444263,250.0,0.0,250.0,True,0.91237819194794,Alto,19.4178233346,-99.1741283414
COYOACAN,DEL CARMEN,2.073774976724224,Habitacional/Comercial,1,463407.92,271523.06,162605.67,3.0,926815.84,8786.0,52.743901661734576,105.4878,4236.718110022978,120.0,0.0,120.0,True,0.9453387260437,Muy alto,19.3498372183,-99.1688174014
CUAUHTEMOC,SAN RAFAEL II,0.598407348610093,Comercial/Servicios,1,461236.87,314804.58,85016.1,3.0,922473.74,14742.0,31.287265635598967,62.5745,24635.39265391861,291.0,0.0,291.0,True,0.92380428314209,Alto,19.439054255,-99.1668489645
MIGUEL HIDALGO,ANAHUAC II,0.8015875468786414,Habitacional/Comercial,1,460961.24,307009.92,103484.52,3.0,921922.48,17160.0,26.862543123543123,53.7251,21407.51820162444,128.0,0.0,128.0,True,0.87245279550552,Alto,19.4428468724,-99.17237087
MIGUEL HIDALGO,ANAHUAC I,0.676345607485902,Habitacional/Comercial,1,456400.33,360158.3,51870.22,3.0,912800.66,18045.0,25.29234303131061,50.5847,26680.14665915626,166.0,0.0,166.0,True,0.90031313896179,Alto,19.4444430521,-99.1722046613
BENITO JUAREZ,STA CRUZ ATOYAC,1.0014986832993493,Habitacional/Comercial,1,454631.07,263176.48,176451.35,3.0,909262.14,9632.0,47.20006955980067,94.4001,9617.586284056035,430.0,0.0,430.0,True,0.9429315328598,Muy alto,19.3704891607,-99.1617814968
AZCAPOTZALCO,INDUSTRIAL VALLEJO (U HAB),3.709906859268224,Industrial/Comercial,2,446847.34,15248.96,428880.18,3.0,893694.68,386.0,1157.6355958549223,2315.2712,104.04573878605088,123.0,0.0,123.0,True,0.69129711389542,Muy bajo,19.4954686825,-99.1621278578
BENITO JUAREZ,DEL VALLE II,0.6702469462415043,Habitacional/Comercial,1,446809.53,316775.62,92059.66,3.0,893619.06,11092.0,40.28214298593581,80.5643,16549.124262631576,218.0,0.0,218.0,True,0.96142745018005,Muy alto,19.3931157929,-99.1633499949
BENITO JUAREZ,DEL VALLE I,0.710405559022441,Habitacional/Comercial,1,441754.9,281433.7,135147.52,3.0,883509.8,10388.0,42.525500577589526,85.051,14622.63332271004,157.0,0.0,157.0,True,0.95667600631714,Muy alto,19.3979024165,-99.1621814067
GUSTAVO A. MADERO,MAGDALENA DE LAS SALINAS,1.3296928117810254,Habitacional/Industrial,1,440823.13,23022.45,412009.36,3.0,881646.26,3279.0,134.43828301311376,268.8766,2465.9830984631867,56.0,0.0,56.0,True,0.83140957355499,Medio,19.4814897703,-99.1311741236
MIGUEL HIDALGO,POLANCO REFORMA (POLANCO),0.7831204468950003,Habitacional/Comercial,1,438902.96,293670.2,129399.15,3.0,877805.92,5617.0,78.138322948193,156.2766,7172.587591437413,97.0,0.0,97.0,True,0.97566395998001,Muy alto,19.4331739366,-99.2014089064
CUAJIMALPA,LOMAS DE VISTA HERMOSA,3.7153315735897445,Habitacional/Corporativo,1,434802.38,332259.0,101985.25,3.0,869604.76,7761.0,56.02401494652751,112.048,2088.911809424681,49.0,0.0,49.0,True,0.8704628944397,Alto,19.3819683896,-99.2732700399
TLALPAN,TLALPAN CENTRO,1.7895868588256696,Habitacional/Reserva,0,432403.17,237325.91,161959.83,3.0,864806.34,7847.0,55.10426532432777,110.2085,4384.810919515367,181.0,0.0,181.0,True,0.88637560606003,Alto,19.2883785345,-99.1670183868
MIGUEL HIDALGO,ESCANDON II,0.7269558803324147,Habitacional/Comercial,1,431574.27999999997,312798.98,77182.42,3.0,863148.56,16109.0,26.790879632503568,53.5818,22159.529121126096,216.0,0.0,216.0,True,0.91300696134567,Alto,19.4010824694,-99.1828023405
CUAUHTEMOC,SANTA MARIA LA RIBERA IV,0.7541843939486909,Comercial/Servicios,1,429489.26,289078.29,70862.23,3.0,858978.52,14305.0,30.023716183152743,60.0474,18967.509954831028,181.0,0.0,181.0,True,0.92450940608978,Alto,19.4449345379,-99.1625597652
ALVARO OBREGON,TIZAPAN_TIZAPAN SAN ANGEL,0.8518502653626292,Habitacional/Comercial,1,426239.16000000003,225653.86,186790.05,3.0,852478.32,8300.0,51.35411566265061,102.7082,9743.496407161092,213.0,0.0,213.0,True,0.90842914581299,Alto,19.3415339741,-99.1949318222
BENITO JUAREZ,DEL VALLE III,0.7168876319140699,Habitacional/Comercial,1,422891.04,305359.1,88470.97,3.0,845782.08,9190.0,46.01643525571273,92.0329,12819.30332019114,359.0,0.0,359.0,True,0.97058767080307,Muy alto,19.3873956629,-99.1735845157
CUAUHTEMOC,ROMA NORTE II,0.7103501039614326,Comercial/Servicios,1,420606.42,199738.4,161173.15,3.0,841212.84,6571.0,64.00949931517273,128.019,9250.368182330501,71.0,0.0,71.0,True,0.9285334944725,Alto,19.4249111139,-99.1544932155
BENITO JUAREZ,NARVARTE I,0.6240676653432694,Habitacional/Comercial,1,399035.08,275058.34,80061.39,3.0,798070.16,11758.0,33.93732607586325,67.8747,18840.90564687804,118.0,0.0,118.0,True,0.93715333938599,Alto,19.4008726027,-99.1602443145
IZTACALCO,PANTITLAN V,0.860828469448489,Habitacional/Industrial,1,396850.59,330999.06,37962.79,3.0,793701.18,20518.0,19.34158251291549,38.6832,23835.178236083855,86.0,0.0,86.0,True,0.84574854373932,Medio,19.4033528032,-99.0607289524
MIGUEL HIDALGO,MILITAR 1 K LOMAS DE SOTELO (U HAB),2.7482919614587167,Habitacional/Comercial,1,389967.98,7858.87,367830.2,3.0,779935.96,4388.0,88.87146308113036,177.7429,1596.6280371722123,8.0,0.0,8.0,True,0.98255252838135,Muy alto,19.4494238476,-99.2213720966
ALVARO OBREGON,OLIVAR DE LOS PADRES,2.8360500634027597,Habitacional/Comercial,1,387025.56,284762.24,84310.6,3.0,774051.12,13829.0,27.986518186419843,55.973,4876.148054808186,205.0,0.0,205.0,True,0.87684404850006,Alto,19.3370686498,-99.2402437305
IZTACALCO,GRANJAS MEXICO I,1.8534812239478582,Habitacional/Industrial,1,383577.04,141290.73,214257.19,3.0,767154.08,9756.0,39.3170397703977,78.6341,5263.608756294827,85.0,0.0,85.0,True,0.82139563560486,Medio,19.3977228282,-99.1012000083
ALVARO OBREGON,SAN ANGEL,1.0180550713983116,Habitacional/Comercial,1,374150.07,129126.25,226663.47,3.0,748300.14,1835.0,203.89649591280656,407.793,1802.456518859637,61.0,0.0,61.0,True,0.94150424003601,Muy alto,19.3503045783,-99.1911923557
GUSTAVO A. MADERO,LINDAVISTA I,1.2430667491127483,Habitacional/Industrial,1,369692.29,217339.54,121473.17,3.0,739384.58,8870.0,41.6789503945885,83.3579,7135.578203126303,115.0,0.0,115.0,True,0.92481523752213,Alto,19.4880452026,-99.1337091071
GUSTAVO A. MADERO,LOMA DE LA PALMA,1.3668556511976397,Habitacional/Industrial,1,366962.56,11628.369999999999,353455.44,3.0,733925.12,12815.0,28.635392898946545,57.2708,9375.53280682674,35.0,0.0,35.0,True,0.72959434986115,Bajo,19.5543525685,-99.1395043614
IZTACALCO,AGRICOLA ORIENTAL I,1.0156749188144256,Habitacional/Industrial,1,360002.33,273646.43,52664.63,3.0,720004.66,16234.0,22.175824196131575,44.3516,15983.46055345108,60.0,0.0,60.0,True,0.85333430767059,Medio,19.4045166084,-99.0730305679
VENUSTIANO CARRANZA,MORELOS I,0.44911860499318546,Habitacional/Comercial,1,358026.57,320432.85,18566.63,3.0,716053.14,17875.0,20.02945846153846,40.0589,39800.17706073704,19.0,0.0,19.0,True,0.73569291830063,Bajo,19.4411186198,-99.1224095567
VENUSTIANO CARRANZA,MORELOS II,0.4902158295056294,Habitacional/Comercial,1,356947.7,300674.3,39333.57,3.0,713895.4,18629.0,19.160862096730906,38.3217,38001.62883109444,26.0,0.0,26.0,True,0.76543772220612,Bajo,19.4416405259,-99.1181434511
BENITO JUAREZ,NARVARTE IV,0.6264824778957743,Habitacional/Comercial,1,354968.69,278961.079,39329.14,3.0,709937.38,9909.0,35.82285699868806,71.6457,15816.882913121995,157.0,0.0,157.0,True,0.95212751626968,Muy alto,19.3946212488,-99.1556750632
IZTACALCO,PANTITLAN IV,0.7078614442538453,Habitacional/Industrial,1,346151.71,301881.47,22497.55,3.0,692303.42,17822.0,19.422719672315118,38.8454,25177.24357594602,203.0,0.0,203.0,True,0.84927141666412,Medio,19.4063033661,-99.0642203202
BENITO JUAREZ,DEL VALLE IV,0.6734450559930557,Habitacional/Comercial,1,345747.26,261879.89,67058.59,3.0,691494.52,8275.0,41.78214622356496,83.5643,12287.56514931684,236.0,0.0,236.0,True,0.96512931585312,Muy alto,19.3828302898,-99.171720688
BENITO JUAREZ,DEL VALLE VII,0.6238210845472227,Habitacional/Comercial,1,344323.95,269250.72,63677.78,3.0,688647.9,10534.0,32.68691380292387,65.3738,16886.251941365066,383.0,0.0,383.0,True,0.96916431188583,Muy alto,19.3700709785,-99.1758919621
ALVARO OBREGON,GUADALUPE INN,0.6825410019593251,Habitacional/Comercial,1,339488.41,139852.72,182663.62,3.0,678976.82,3786.0,89.66941627047015,179.3388,5546.9195097903,135.0,0.0,135.0,True,0.9722011089325,Muy alto,19.3611210655,-99.1840651177
GUSTAVO A. MADERO,ACUEDUCTO DE GUADALUPE (U HAB),0.4180001615514097,Habitacional/Industrial,1,337873.52,334783.89,3089.6800000000003,3.0,675747.04,10708.0,31.553373178931643,63.1067,25617.21497967179,143.0,0.0,143.0,True,0.93917083740234,Muy alto,19.5293624262,-99.156811003
VENUSTIANO CARRANZA,MOCTEZUMA 2A SECCION I,0.7419654380543391,Habitacional/Comercial,1,309791.65,210647.55,60570.79,3.0,619583.3,12502.0,24.779367301231805,49.5587,16849.841459979696,47.0,0.0,47.0,True,0.85240471363068,Medio,19.4375450395,-99.0887700554
ALVARO OBREGON,LOMAS DE PLATEROS (U HAB) I,0.2878987259370429,Habitacional/Comercial,1,294589.21,282702.37,11886.75,3.0,589178.42,8566.0,34.390521830492645,68.781,29753.51826278382,56.0,0.0,56.0,True,0.93231731653214,Alto,19.3671401238,-99.2115064153
CUAJIMALPA,BOSQUES DE LAS LOMAS,1.7883933696057615,Habitacional/Corporativo,1,287134.66,220114.68,62948.2,3.0,574269.32,13359.0,21.493724081143796,42.9874,7469.833106653094,179.0,0.0,179.0,True,0.85614037513733,Medio,19.3922687752,-99.2499781741
IZTACALCO,GRANJAS MEXICO II,2.277100568577971,Habitacional/Industrial,1,283864.99,140632.5,121557.92,3.0,567729.98,8405.0,33.77334800713861,67.5467,3691.097405174708,50.0,0.0,50.0,True,0.8430460691452,Medio,19.3971687833,-99.0967834091
AZCAPOTZALCO,CLAVERIA,0.8627117269617771,Industrial/Comercial,2,283818.48,186817.41,54901.3,3.0,567636.96,9123.0,31.110213745478458,62.2204,10574.795397911867,87.0,0.0,87.0,True,0.94426077604294,Muy alto,19.4618904626,-99.1792602439
VENUSTIANO CARRANZA,PEON DE LOS BAOS,8.886741328921817,Habitacional/Comercial,1,282982.12,59469.82,204046.28999999998,3.0,565964.24,4638.0,61.013824924536436,122.0276,521.9010915627388,226.0,0.0,226.0,True,0.0,Sin dato,19.441882619,-99.0809707118
CUAJIMALPA,SAN PEDRO CUAJIMALPA (PBLO),1.7238233023725624,Habitacional/Corporativo,1,281445.69,205211.45,36572.3,3.0,562891.38,20692.0,13.601666827759521,27.2033,12003.550463391943,64.0,0.0,64.0,True,0.80463647842407,Medio,19.3546771011,-99.3039732827
GUSTAVO A. MADERO,JOYAS VALLEJO (U HAB),0.1467699317155209,Habitacional/Industrial,1,279328.51,279160.83,167.66,3.0,558657.02,7970.0,35.04749184441656,70.095,54302.67566961859,4.0,0.0,4.0,True,0.92988163232803,Alto,19.5297846136,-99.1729514945
ALVARO OBREGON,FLORIDA,1.1351846203847908,Habitacional/Comercial,1,276625.13,195014.93,73311.07,3.0,553250.26,5140.0,53.818118677042804,107.6362,4527.897848244021,149.0,0.0,149.0,True,0.9797198176384,Muy alto,19.3547466004,-99.1791963565
AZCAPOTZALCO,EL ROSARIO A (U HAB),0.2739819961513311,Industrial/Comercial,2,276622.58999999997,258711.37,17720.32,3.0,553245.18,6033.0,45.851581302834404,91.7032,22019.69503378512,11.0,0.0,11.0,True,0.89945071935654,Alto,19.5096255722,-99.2095246586
COYOACAN,CAMPESTRE CHURUBUSCO,1.460692605624044,Habitacional/Comercial,1,267869.01,175894.87,70501.4,3.0,535738.02,10987.0,24.380541549103487,48.7611,7521.7742307294575,31.0,0.0,31.0,True,0.95807206630707,Muy alto,19.3444559419,-99.1329060171
TLALPAN,TORIELLO GUERRA,1.0107350329543177,Habitacional/Reserva,0,266648.06,140196.45,113889.28,3.0,533296.12,7124.0,37.42954239191465,74.8591,7048.335882033273,31.0,0.0,31.0,True,0.88722312450409,Alto,19.2966426312,-99.1632721394
AZCAPOTZALCO,NUEVA SANTA MARIA,0.7142910615447939,Industrial/Comercial,2,254822.21,175924.56,36447.92,3.0,509644.42,9245.0,27.5632460789616,55.1265,12942.90310732138,60.0,0.0,60.0,True,0.94006419181824,Muy alto,19.4623031378,-99.1709617361
IZTACALCO,PANTITLAN I,0.7093622415694519,Habitacional/Industrial,1,248019.11000000002,206802.84,17315.12,3.0,496038.22,12952.0,19.149097436689317,38.2982,18258.654381355173,28.0,0.0,28.0,True,0.82971507310867,Medio,19.4139935482,-99.0633572271
AZCAPOTZALCO,SAN PEDRO XALPA (PBLO),0.3377031559519062,Industrial/Comercial,2,247755.17,226845.82,11254.67,3.0,495510.34,10347.0,23.944638059340875,47.8893,30639.334627579145,99.0,0.0,99.0,True,0.87801516056061,Alto,19.4828524204,-99.2068559149
CUAJIMALPA,PORTAL DEL SOL,1.4401478367942537,Habitacional/Corporativo,1,246499.41,214700.33,31799.31,3.0,492998.82,3301.0,74.67416237503787,149.3483,2292.1257912992974,1.0,0.0,1.0,True,0.90919077396393,Alto,19.347367735,-99.2787255591
IZTACALCO,AGRICOLA ORIENTAL VI,0.55801720605469,Habitacional/Industrial,1,242464.1,204143.76,8047.69,3.0,484928.2,12939.0,18.739013834144835,37.478,23187.457052591097,52.0,0.0,52.0,True,0.84120827913284,Medio,19.3979425565,-99.0601098417
IZTAPALAPA,SANTA MARTHA ACATITLA_(PBLO),1.3600665616254362,Habitacional/Industrial,1,240821.26,75.5,240675.36000000002,3.0,481642.52,10987.0,21.918745790479658,43.8375,8078.281100352376,54.0,0.0,54.0,True,0.69080567359924,Muy bajo,19.3626407559,-99.0108088294
AZCAPOTZALCO,SAN MARTIN XOCHINAHUAC (PBLO),1.4535795667697469,Industrial/Comercial,2,240439.14,154014.6,68166.70999999999,3.0,480878.28,9052.0,26.56199072028281,53.124,6227.385281781328,140.0,0.0,140.0,True,0.86524963378906,Alto,19.4981176224,-99.1936733071
IZTACALCO,VIADUCTO PIEDAD,0.5807911411129196,Habitacional/Industrial,1,239839.05,170596.43,24580.68,3.0,479678.1,9852.0,24.344199147381243,48.6884,16963.068653425857,106.0,0.0,106.0,True,0.89036411046982,Alto,19.3998972474,-99.1326259542
ALVARO OBREGON,TORRES SAN ANTONIO (U HAB),0.09189056542513115,Habitacional/Comercial,1,239414.61000000002,232914.02000000002,6500.35,3.0,478829.22,8055.0,29.72248417132216,59.445,87658.61830029657,6.0,0.0,6.0,True,0.93080735206604,Alto,19.3854270373,-99.1953711417
GUSTAVO A. MADERO,LINDAVISTA VALLEJO (U HAB),0.46425637727005786,Habitacional/Industrial,1,237684.73,231167.88,6516.96,3.0,475369.46,9331.0,25.472589218733255,50.9452,20098.808453356276,8.0,0.0,8.0,True,0.93439018726349,Alto,19.5010337052,-99.154575683
ALVARO OBREGON,BELLA VISTA,0.4619079303143597,Habitacional/Comercial,1,237477.41999999998,128282.9,83966.66,3.0,474954.84,8920.0,26.62302914798206,53.2461,19311.207742047933,65.0,0.0,65.0,True,0.77801078557968,Bajo,19.4007681198,-99.1930455248
TLALPAN,BELISARIO DOMINGUEZ,0.27324134728857447,Habitacional/Reserva,0,228562.63,7983.32,216926.41,3.0,457125.26,826.0,276.710205811138,553.4204,3022.9685521483266,3.0,0.0,3.0,True,0.86351919174194,Alto,19.2880231904,-99.1563648369
TLALPAN,JARDINES EN LA MONTAA,1.3566396049598233,Habitacional/Reserva,0,228307.47,73271.56,155036.0,3.0,456614.94,2312.0,98.74890570934257,197.4978,1704.2108984194588,13.0,0.0,13.0,True,0.0,Sin dato,19.3018386849,-99.2074046077
IZTACALCO,SANTA ANITA,0.5974287756027854,Habitacional/Industrial,1,227609.87,162727.19,39082.979999999996,3.0,455219.74,11027.0,20.641141742994467,41.2823,18457.430325270372,204.0,0.0,204.0,True,0.80769735574722,Medio,19.3989600376,-99.1191099617
GUSTAVO A. MADERO,SAN JUAN DE ARAGON (PBLO),0.6399658762340538,Habitacional/Industrial,1,227120.27,180140.51,33125.99,3.0,454240.54,11226.0,20.231629253518616,40.4633,17541.56028765248,31.0,0.0,31.0,True,0.77210533618927,Bajo,19.468418385,-99.083389607
VENUSTIANO CARRANZA,MOCTEZUMA 2A SECCION III,0.6808756908140514,Habitacional/Comercial,1,226530.02,174529.49,16835.6,3.0,453060.04,12057.0,18.788257443808575,37.5765,17708.07823317163,24.0,0.0,24.0,True,0.85250723361969,Medio,19.4287456485,-99.1034238326
IZTAPALAPA,SAN ANDRES TETEPILCO (PBLO),0.8176296602441477,Habitacional/Industrial,1,223463.1,179502.24,16943.9,3.0,446926.2,12820.0,17.43081903276131,34.8616,15679.470331558046,55.0,0.0,55.0,True,0.810307264328,Medio,19.3758116046,-99.1290529154
TLALPAN,SAN LORENZO HUIPULCO,0.8656346982031577,Habitacional/Reserva,0,223427.37,129824.19,80796.67,3.0,446854.74,6584.0,33.934898238153096,67.8698,7605.979766830911,85.0,0.0,85.0,True,0.87059533596039,Alto,19.2979206334,-99.1490577822
IZTACALCO,AGRICOLA ORIENTAL V,0.560261126659216,Habitacional/Industrial,1,217463.78,163739.77,17594.68,3.0,434927.56,10997.0,19.774827680276438,39.5497,19628.347348626645,48.0,0.0,48.0,True,0.83492976427078,Medio,19.3975246674,-99.06550398
COYOACAN,LOS REYES (PBLO),1.131256947273839,Habitacional/Comercial,1,216601.73,151883.88999999998,51086.840000000004,3.0,433203.46,16715.0,12.958524080167514,25.917,14775.59986728096,82.0,0.0,82.0,True,0.88423305749893,Alto,19.3286671004,-99.1560231619
COYOACAN,PRADO CHURUBUSCO,0.8971628857704076,Habitacional/Comercial,1,213758.09,176657.84,27077.03,3.0,427516.18,10187.0,20.98341906351232,41.9668,11354.682813536436,159.0,0.0,159.0,True,0.91910135746002,Alto,19.3549101493,-99.1239345837
GUSTAVO A. MADERO,TEPEYAC INSURGENTES,0.8973965224742854,Habitacional/Industrial,1,213349.26,109553.54,64434.25,3.0,426698.52,7337.0,29.078541638271773,58.1571,8175.873001792515,101.0,0.0,101.0,True,0.92701685428619,Alto,19.4787290623,-99.1203791063
VENUSTIANO CARRANZA,ROMERO RUBIO,0.6269490830403011,Habitacional/Comercial,1,212730.43,152988.85,23621.21,3.0,425460.86,11162.0,19.05845099444544,38.1169,17803.678643043,26.0,0.0,26.0,True,0.80722427368164,Medio,19.4385761156,-99.1004018631
GUSTAVO A. MADERO,NUEVA INDUSTRIAL VALLEJO (FRACC),1.1721417291153515,Habitacional/Industrial,1,211648.74,137893.14,73698.14,3.0,423297.48,3351.0,63.159874664279315,126.3197,2858.8692960612316,1.0,0.0,1.0,True,0.93837714195251,Muy alto,19.5086438456,-99.1560311689
IZTAPALAPA,ESCUADRON 201,0.687593501562388,Habitacional/Industrial,1,209657.65,150474.97,16560.47,3.0,419315.3,13106.0,15.997073859301082,31.9941,19060.680431417433,40.0,0.0,40.0,True,0.82180655002594,Medio,19.3579877487,-99.1152478757
IZTAPALAPA,EJTO CONSTITUCIONALISTA,1.5445478611669383,Habitacional/Industrial,1,208836.43,75939.31,132897.1,3.0,417672.86,7365.0,28.35525186693822,56.7105,4768.385742631237,17.0,0.0,17.0,True,0.68520247936249,Muy bajo,19.3857458085,-99.0464961091
COYOACAN,PARQUE SAN ANDRES,0.5500371679198224,Habitacional/Comercial,1,208021.81,131199.94,66154.85,3.0,416043.62,5242.0,39.68367226249523,79.3673,9530.265054313773,11.0,0.0,11.0,True,0.94934886693954,Muy alto,19.3458732405,-99.1490729346
IZTAPALAPA,TEPALCATES I,0.5372239952945117,Habitacional/Industrial,1,206164.66,171697.92,17848.15,3.0,412329.32,10957.0,18.815794469289038,37.6316,20395.589355596934,7.0,0.0,7.0,True,0.84513068199158,Medio,19.3879462624,-99.0517119478
AZCAPOTZALCO,LA RAZA,0.21427349659223804,Industrial/Comercial,2,204679.0,29664.78,161943.99,3.0,409358.0,2211.0,92.57304387155133,185.1461,10318.588323629812,5.0,0.0,5.0,True,0.8309873342514,Medio,19.4671278412,-99.1475372227
VENUSTIANO CARRANZA,MOCTEZUMA 2A SECCION II,0.5532463833582915,Habitacional/Comercial,1,200551.66,151098.36,14350.59,3.0,401103.32,10125.0,19.807571358024692,39.6151,18301.068573715165,47.0,0.0,47.0,True,0.85238879919052,Medio,19.432861576,-99.0903077223
VENUSTIANO CARRANZA,MOCTEZUMA 1A SECCION,0.5614675773637008,Habitacional/Comercial,1,200197.81,138186.71,14008.74,3.0,400395.62,10573.0,18.93481604085879,37.8696,18831.007214422192,16.0,0.0,16.0,True,0.84141212701798,Medio,19.4265211516,-99.1069021703
AZCAPOTZALCO,SANTA BARBARA (PBLO),1.2693431286862835,Industrial/Comercial,2,198666.2,95512.81,86708.73,3.0,397332.4,6478.0,30.66782957702995,61.3357,5103.427003779865,17.0,0.0,17.0,True,0.82374584674835,Medio,19.4966929418,-99.1800272856
COYOACAN,SANTA URSULA COAPA (PBLO),0.6500349044383744,Habitacional/Comercial,1,197550.25,158952.71000000002,28642.600000000002,3.0,395100.5,10678.0,18.50067896609852,37.0014,16426.81020217786,108.0,0.0,108.0,True,0.80171537399292,Medio,19.3073002154,-99.1461545673
IZTAPALAPA,MIRASOLES (U HAB),0.4722273170118483,Habitacional/Industrial,1,196175.96000000002,186522.07,9653.779999999999,3.0,392351.92,10527.0,18.63550489218201,37.271,22292.230078116965,15.0,0.0,15.0,True,0.86718559265137,Alto,19.3134233105,-99.0757267966
VENUSTIANO CARRANZA,FEDERAL,0.8648907740677172,Habitacional/Comercial,1,194304.96,126893.72,34407.47,3.0,388609.92,10649.0,18.246310451685602,36.4926,12312.537396966416,15.0,0.0,15.0,True,0.85249823331833,Medio,19.4212644422,-99.0866738568
COYOACAN,CTM VII CULHUACAN (U HAB),0.5828225024382869,Habitacional/Comercial,1,192329.02,154835.95,34328.52,3.0,384658.04,7938.0,24.228901486520535,48.4578,13619.927107808484,17.0,0.0,17.0,True,0.92267417907715,Alto,19.3249588584,-99.1121083785
MAGDALENA CONTRERAS,HEROES DE PADIERNA,0.4010615683339109,Habitacional/Reserva,0,187605.12,79952.35,100684.59,3.0,375210.24,4616.0,40.64235701906412,81.2847,11509.45481806142,25.0,0.0,25.0,True,0.85220390558243,Medio,19.3118822699,-99.2239087429
COYOACAN,COPILCO EL BAJO,0.18269992363223905,Habitacional/Comercial,1,181966.03,157441.45,21114.7,3.0,363932.06,3806.0,47.810307409353655,95.6206,20831.97367756533,9.0,0.0,9.0,True,0.92960637807846,Alto,19.3392023512,-99.1881366674
VENUSTIANO CARRANZA,JARDIN BALBUENA III,1.4412811417675417,Habitacional/Comercial,1,180803.28,136941.23,27915.85,3.0,361606.56,13451.0,13.441623671102521,26.8832,9332.669116522346,241.0,0.0,241.0,True,0.93502187728882,Alto,19.4121541191,-99.112380006
AZCAPOTZALCO,DEL RECREO,0.524876046818779,Industrial/Comercial,2,179120.97,147345.05,14318.4,3.0,358241.94,9416.0,19.02304269328802,38.0461,17939.473628239335,88.0,0.0,88.0,True,0.91467791795731,Alto,19.4706617742,-99.1801670549
CUAJIMALPA,LAS TINAJAS,0.7136040722369607,Habitacional/Corporativo,1,176969.6,115645.68,60313.27,3.0,353939.2,2070.0,85.49256038647343,170.9851,2900.7681998101493,80.0,0.0,80.0,True,0.79848337173462,Medio,19.3519706038,-99.2852175751
COYOACAN,INTEGRACION LATINOAMERICANA (U HAB),0.1374943093714952,Habitacional/Comercial,1,174148.19999999998,165551.8,8596.33,3.0,348296.4,3255.0,53.50175115207373,107.0035,23673.707041978963,9.0,0.0,9.0,True,0.95158404111862,Muy alto,19.3382608527,-99.1787786404
XOCHIMILCO,SANTA MARIA TEPEPAN (PBLO),2.0216669897312927,Habitacional/Rural,0,173857.4,106959.66,53076.35,3.0,347714.8,14851.0,11.706780688169147,23.4136,7345.918034687751,164.0,0.0,164.0,True,0.82625257968903,Medio,19.2791489934,-99.1367255089
COYOACAN,INSURGENTES CUICUILCO,0.5863540434504572,Habitacional/Comercial,1,172258.19,116021.38,56236.9,3.0,344516.38,3379.0,50.97904409588636,101.9581,5762.729937216681,115.0,0.0,115.0,True,0.9762070775032,Muy alto,19.3048741178,-99.1827579516
IZTAPALAPA,LOMAS ESTRELLA 2A SECC II,0.8022488849108488,Habitacional/Industrial,1,166122.16,151775.38,8765.35,3.0,332244.32,12057.0,13.778067512648255,27.5561,15029.001880557122,48.0,0.0,48.0,True,0.93929654359818,Muy alto,19.3207314799,-99.0964417072
IZTAPALAPA,SECTOR POPULAR,0.5591044838510835,Habitacional/Industrial,1,154738.7,114144.81,15459.33,3.0,309477.4,9839.0,15.727075922349833,31.4542,17597.784106880103,43.0,0.0,43.0,True,0.85909956693649,Medio,19.3686729562,-99.1193970303
IZTAPALAPA,JUAN ESCUTIA I,0.6212896711746155,Habitacional/Industrial,1,153509.74,104978.2,20022.9,3.0,307019.48,9661.0,15.889632543214987,31.7793,15549.912461500979,9.0,0.0,9.0,True,0.78379625082016,Medio,19.3995850022,-99.0574447031
IZTAPALAPA,LOMAS ESTRELLA 2A SECC I,0.4538540377505729,Habitacional/Industrial,1,148881.71,127129.26000000001,18493.53,3.0,297763.42,10369.0,14.358347960266178,28.7167,22846.552277890165,45.0,0.0,45.0,True,0.91118723154068,Alto,19.3185378331,-99.0911470428
CUAJIMALPA,SAN JOSE DE LOS CEDROS II,0.6689672904909266,Habitacional/Corporativo,1,142484.3,84062.01,39994.1,3.0,284968.6,6908.0,20.62598436595252,41.252,10326.364380133613,26.0,0.0,26.0,True,0.80903381109238,Medio,19.3693744041,-99.2866160115
TLALPAN,GRANJAS COAPA,0.40018049255062116,Habitacional/Reserva,0,141490.66,116431.15000000001,21230.82,3.0,282981.32,4720.0,29.976834745762712,59.9537,11794.67787126815,16.0,0.0,16.0,True,0.95847177505493,Muy alto,19.2911258609,-99.1147300808
TLALPAN,FUENTES DEL PEDREGAL,2.054114118414326,Habitacional/Reserva,0,133109.83,53588.62,79521.22,3.0,266219.66,3775.0,35.26088211920529,70.5218,1837.7752074038185,80.0,0.0,80.0,True,0.94065147638321,Muy alto,19.3054583278,-99.2215010044
TLALPAN,FUENTES BROTANTES MIGUEL HIDALGO (U HAB),0.46931975243583124,Habitacional/Reserva,0,128032.03,122530.01999999999,5501.969999999999,3.0,256064.06,6387.0,20.04572256145295,40.0914,13609.058572222093,94.0,0.0,94.0,True,0.93505835533142,Alto,19.2859998246,-99.1820039257
CUAJIMALPA,PALO ALTO (GRANJAS),0.5837913416340692,Habitacional/Corporativo,1,126604.08,36329.73,86915.34,3.0,253208.16,2641.0,47.93793260128739,95.8759,4523.876617641626,89.0,0.0,89.0,True,0.70449578762054,Muy bajo,19.3862392772,-99.2506230594
TLALPAN,VERGEL DE COYOACAN-VERGEL DEL SUR,0.5501365037595722,Habitacional/Reserva,0,120776.9,9101.94,111674.95999999999,3.0,241553.8,2172.0,55.606307550644566,111.2126,3948.1110327287706,55.0,0.0,55.0,True,0.97087156772614,Muy alto,19.3045671852,-99.1363989649
XOCHIMILCO,XALTOCAN (BARR),1.4576278388467636,Habitacional/Rural,0,118341.44,52216.51,43281.08,3.0,236682.88,10612.0,11.151662269129288,22.3033,7280.321984242516,81.0,0.0,81.0,True,0.77594709396362,Bajo,19.2569579216,-99.1020598671
CUAJIMALPA,EL CONTADERO,3.4619030196553715,Habitacional/Corporativo,1,110574.85,94327.39,13497.26,3.0,221149.7,7861.0,14.066257473603867,28.1325,2270.7164109936716,151.0,0.0,151.0,True,0.82779633998871,Medio,19.3451031159,-99.2985991907
CUAJIMALPA,LOMAS DEL CHAMIZAL,1.1509657196488419,Habitacional/Corporativo,1,108592.29,83669.84,12920.24,3.0,217184.58,4820.0,22.529520746887965,45.059,4187.787627133304,56.0,0.0,56.0,True,0.81271713972092,Medio,19.3902479323,-99.2648081589
TLALPAN,NIO JESUS (BARR),0.25948342677322683,Habitacional/Reserva,0,107256.52,53299.04,50493.85,3.0,214513.04,2312.0,46.391228373702425,92.7825,8910.010279849399,60.0,0.0,60.0,True,0.0,Sin dato,19.2879300938,-99.1605409584
XOCHIMILCO,SANTIAGO TULYEHUALCO (PBLO),2.784315080877113,Habitacional/Rural,0,98127.39,60536.68,16561.77,3.0,196254.78,22662.0,4.330041037860736,8.6601,8139.165051988668,329.0,0.0,329.0,True,0.7389497756958,Bajo,19.2514202173,-99.007731405
XOCHIMILCO,LA NORIA TEPEPAN,0.3199382074354439,Habitacional/Rural,0,81204.19,59337.86,18899.23,3.0,162408.38,3199.0,25.384241950609567,50.7685,9998.805787037749,31.0,0.0,31.0,True,0.92039674520493,Alto,19.268988038,-99.1304277293
XOCHIMILCO,LA NORIA,0.4472127701717104,Habitacional/Rural,0,80430.6,63549.38,16068.51,3.0,160861.2,1200.0,67.02550000000001,134.051,2683.2865249783717,5.0,0.0,5.0,True,0.95369970798492,Muy alto,19.2626446217,-99.1228755373
TLAHUAC,LAS ARBOLEDAS,0.5965304269424156,Habitacional/Rural,0,80191.62,64553.799999999996,8935.69,3.0,160383.24,11548.0,6.94419986144787,13.8884,19358.610187229817,212.0,0.0,212.0,True,0.81659340858459,Medio,19.3051539637,-99.0588847109
TLAHUAC,DEL MAR SUR,1.2636571850431546,Habitacional/Rural,0,78780.36,58725.32,10615.07,3.0,157560.72,15251.0,5.165586518916792,10.3312,12068.937826265887,48.0,0.0,48.0,True,0.76936537027359,Bajo,19.2867833283,-99.0572271272
XOCHIMILCO,SAN MARCOS (AMPL),11.802138917035196,Habitacional/Rural,0,78648.68000000001,19803.95,54338.590000000004,3.0,157297.36,17225.0,4.565961103047896,9.1319,1459.4812110826329,32.0,0.0,32.0,True,0.65734100341797,Muy bajo,19.2832886134,-99.1038343791
XOCHIMILCO,SAN MATEO XALPA (PBLO),1.7905185481504073,Habitacional/Rural,0,77883.3,18615.77,51336.3,3.0,155766.6,10398.0,7.490219272937104,14.9804,5807.256233531375,23.0,0.0,23.0,True,0.73870897293091,Bajo,19.2339641742,-99.1214956071
TLAHUAC,LOS OLIVOS,0.7308036792151762,Habitacional/Rural,0,73337.47,58314.3,9977.03,3.0,146674.94,8893.0,8.246651298774317,16.4933,12168.794784326154,59.0,0.0,59.0,True,0.75747883319855,Bajo,19.2976486931,-99.0583375987
MILPA ALTA,SAN ANTONIO TECOMITL (PBLO),8.365749585419117,Rural/Reserva,0,70917.61,43832.46,10653.15,3.0,141835.22,30097.0,2.3563016247466524,4.7126,3597.645338614587,36.0,0.0,36.0,True,0.6939502954483,Muy bajo,19.2164908759,-98.9901920077
XOCHIMILCO,POTRERO DE SAN BERNARDINO,0.5420451346229567,Habitacional/Rural,0,65659.61,32442.1,30386.730000000003,3.0,131319.22,2219.0,29.589729607931503,59.1795,4093.755036734207,11.0,0.0,11.0,True,0.88577151298523,Alto,19.2675638513,-99.1207614363
XOCHIMILCO,SANTA CRUZ XOCHITEPEC (PBLO),2.306393805172509,Habitacional/Rural,0,65486.34,51963.69,6232.04,3.0,130972.68,13709.0,4.776886716755416,9.5538,5943.911212931229,91.0,0.0,91.0,True,0.77298253774643,Bajo,19.2583967614,-99.1275813426
MAGDALENA CONTRERAS,SAN FRANCISCO (BARR),0.5976423885259021,Habitacional/Reserva,0,62929.75,59837.53,1694.24,3.0,125859.5,4898.0,12.848050224581462,25.6961,8195.536484754743,25.0,0.0,25.0,True,0.87457978725433,Alto,19.3146785553,-99.2350373319
XOCHIMILCO,SAN GREGORIO ATLAPULCO (PBLO),11.267669298072946,Habitacional/Rural,0,60831.28,38662.66,7102.6,3.0,121662.56,29831.0,2.039196808688948,4.0784,2647.486291162437,66.0,0.0,66.0,True,0.67319470643997,Muy bajo,19.2577640923,-99.0642833882
TLAHUAC,VILLA CENTROAMERICANA (U HAB),0.449765010657851,Habitacional/Rural,0,57936.729999999996,47326.57,10610.16,3.0,115873.46,6624.0,8.746487016908212,17.493,14727.6907785943,26.0,0.0,26.0,True,0.9042107462883,Alto,19.2841426161,-99.0553221072
TLAHUAC,VILLAS DE LOS TRABAJADORES (GDF) (U HAB),0.20176813080721664,Habitacional/Rural,0,56638.8,56372.39,266.44,3.0,113277.6,3655.0,15.496251709986321,30.9925,18114.852853011966,3.0,0.0,3.0,True,0.91443467140198,Alto,19.2803825457,-99.0533799657
MAGDALENA CONTRERAS,CUAUHTEMOC,0.30128167528666217,Habitacional/Reserva,0,56340.03,39436.71,3692.02,3.0,112680.06,6140.0,9.175900651465797,18.3518,20379.59990151389,16.0,0.0,16.0,True,0.77811270952225,Bajo,19.3196137713,-99.2430083373
TLAHUAC,UNIDADES HABITACIONALES DE SANTA ANA PONIENTE I,0.5314228613774901,Habitacional/Rural,0,49815.37,44432.58,3491.21,3.0,99630.74,12885.0,3.8661521148622433,7.7323,24246.22826086379,143.0,0.0,143.0,True,0.81444555521011,Medio,19.3025510161,-99.050322163
TLAHUAC,MIGUEL HIDALGO,0.6997348758410757,Habitacional/Rural,0,46463.57,32811.69,6461.58,3.0,92927.14,10411.0,4.462930554221496,8.9259,14878.49235395915,151.0,0.0,151.0,True,0.76421058177948,Bajo,19.2986040683,-99.0495000838
MAGDALENA CONTRERAS,LA MALINCHE,0.37005172816693704,Habitacional/Reserva,0,46243.14,35319.24,1654.72,3.0,92486.28,10112.0,4.573095332278481,9.1462,27325.909407558,19.0,0.0,19.0,True,0.77764266729355,Bajo,19.3248506758,-99.2411594597
MAGDALENA CONTRERAS,LOMAS QUEBRADAS,0.44702353526580507,Habitacional/Reserva,0,44090.93,37084.05,3422.81,3.0,88181.86,4255.0,10.362145710928319,20.7243,9518.514494924591,2.0,0.0,2.0,True,0.86055564880371,Alto,19.314180324,-99.2432117011
TLAHUAC,AGRICOLA METROPOLITANA,0.35582849195832145,Habitacional/Rural,0,38757.96,34652.61,999.26,3.0,77515.92,9322.0,4.157687191589788,8.3154,26198.014522940157,38.0,0.0,38.0,True,0.71259021759033,Bajo,19.2926523756,-99.0530871146
MILPA ALTA,VILLA MILPA ALTA (PBLO),7.64569964574789,Rural/Reserva,0,38119.770000000004,12350.49,18885.81,3.0,76239.54,19881.0,1.9173970122227255,3.8348,2600.285248068396,63.0,0.0,63.0,True,0.65245872735977,Muy bajo,19.1941117871,-99.0215460346
TLAHUAC,SAN JUAN IXTAYOPAN (PBLO),2.076293160353074,Habitacional/Rural,0,34903.16,24025.03,2919.82,3.0,69806.32,10041.0,3.476064137038144,6.9521,4836.0222880532565,13.0,0.0,13.0,True,0.73205655813217,Bajo,19.2463869834,-98.9978133445
TLAHUAC,LA NOPALERA,0.4190306831274274,Habitacional/Rural,0,33337.62,21827.1,7995.68,3.0,66675.24,6405.0,5.204936768149883,10.4099,15285.276849409705,34.0,0.0,34.0,True,0.79292821884155,Medio,19.2994426896,-99.0521952244
MAGDALENA CONTRERAS,SANTA TERESA,0.22102139836022658,Habitacional/Reserva,0,27109.82,16987.61,5052.46,3.0,54219.64,2439.0,11.115137351373514,22.2303,11035.130616741699,8.0,0.0,8.0,True,0.83081543445587,Medio,19.3092478413,-99.2306942505
MAGDALENA CONTRERAS,LA CONCEPCION,0.21988641846878978,Habitacional/Reserva,0,25948.800000000003,944.95,24968.050000000003,3.0,51897.6,1816.0,14.28898678414097,28.578,8258.809310033666,26.0,0.0,26.0,True,0.79886746406555,Medio,19.3047845285,-99.233656368
MAGDALENA CONTRERAS,SAN BARTOLO AMEYALCO,0.1673886910952569,Habitacional/Reserva,0,16942.57,14534.84,413.02,3.0,33885.14,4630.0,3.659302375809935,7.3186,27660.172080353852,3.0,0.0,3.0,True,0.78263282775879,Bajo,19.3268001139,-99.2439437706
MAGDALENA CONTRERAS,LA MAGDALENA ATLITIC (PBLO),0.3256927670485293,Habitacional/Reserva,0,16362.69,14266.95,1299.8899999999999,3.0,32725.38,3311.0,4.941917849592269,9.8838,10166.02250643979,7.0,0.0,7.0,True,0.79886263608933,Medio,19.3038606755,-99.2446799602
MILPA ALTA,SAN PEDRO ATOCPAN (PBLO),4.582359439731846,Rural/Reserva,0,13479.1,3354.77,7642.66,3.0,26958.2,9822.0,1.3723376094481776,2.7447,2143.4372683289052,15.0,0.0,15.0,True,0.60523009300232,Muy bajo,19.198482692,-99.0501902979
MILPA ALTA,SAN BARTOLOME XICOMULCO (PBLO),1.8771475518312761,Rural/Reserva,0,10565.34,7316.55,1410.1599999999999,3.0,21130.68,4334.0,2.4377803414859254,4.8756,2308.822231780293,4.0,0.0,4.0,True,0.69193661212921,Muy bajo,19.2064748585,-99.0692109174
MILPA ALTA,SAN FRANCISCO TECOXPA (PBLO),2.1218658906732117,Rural/Reserva,0,3275.28,293.59000000000003,2768.38,3.0,6550.56,5329.0,0.6146143741790205,1.2292,2511.468808384139,14.0,0.0,14.0,True,0.6485430598259,Muy bajo,19.2010541328,-99.0091771631
MILPA ALTA,SANTA ANA TLACOTENCO (PBLO),4.760036348349738,Rural/Reserva,0,2920.61,669.15,1431.12,3.0,5841.22,11572.0,0.25238593155893535,0.5048,2431.0738727892085,2.0,0.0,2.0,True,0.67981112003326,Muy bajo,19.1755078978,-98.9981220075
MILPA ALTA,SAN PABLO OZTOTEPEC (PBLO),2.9290904065966585,Rural/Reserva,0,2920.61,0.0,0.0,0.0,0.0,18407.0,0.1586684413538328,0.0,6284.20343685714,0.0,0.0,0.0,False,0.68255680799484,Muy bajo,,
MILPA ALTA,SAN SALVADOR CUAUHTENCO (PBLO),4.543997103777812,Rural/Reserva,0,2836.16,850.42,1492.05,3.0,5672.32,15772.0,0.17982247020035505,0.3596,3470.952916516472,4.0,0.0,4.0,True,0.67252886295319,Muy bajo,19.1923565384,-99.0908197799
MILPA ALTA,SAN LORENZO TLACOYUCAN (PBLO),2.9290904065966585,Rural/Reserva,0,1180.6299999999999,0.0,1037.82,3.0,2361.26,4089.0,0.28873318659819025,0.5775,1395.9965150925652,0.0,0.0,0.0,False,0.59568250179291,Muy bajo,19.175442285,-99.0326115759
MILPA ALTA,SAN JERONIMO MIACATLAN (PBLO),1.1880715725270639,Rural/Reserva,0,1164.42,449.96000000000004,449.0,3.0,2328.84,3798.0,0.3065876777251185,0.6132,3196.7771031854086,0.0,0.0,0.0,False,0.68453431129456,Muy bajo,19.1928680719,-99.0075889814
