alcaldia,colonia,superficie_km2_calculada,vocacion_principal,uso_suelo_num,consumo_total,consumo_total_dom,consumo_total_no_dom,pob,consumo_per_capita,densidad_poblacional,total_reportes,reportes_fuga,reportes_falta_agua,idsm,e_idsm,latitud,longitud,cluster_perfil,consumo_esperado,exceso_consumo,es_anomalia,anomalia_score,diagnostico_final,poblacion_equivalente
GUSTAVO A. MADERO,LINDAVISTA II,3.255606305730928,Habitacional/Industrial,2,523630.27,245368.85,249061.83,8598.0,60.90140381484066,2640.9827210571248,265.0,74.0,191.0,0.93416965007782,Alto,19.4988232762,-99.1305308574,1,412385.48767859186,111244.78232140816,-1,-0.01403985427726362,CRÍTICO (Posible Fuga de Red),167
ALVARO OBREGON,LOMAS DE SANTA FE II,2.48180045591349,Habitacional/Comercial,1,502583.64,78103.88,424479.78,3530.0,142.3749688385269,1422.3544812351538,228.0,53.0,175.0,0.84482455253601,Medio,19.3683644537,-99.2624571288,1,289573.5353455356,213010.1046544644,-1,-0.06337737247847197,CRÍTICO (Posible Fuga de Red),319
ALVARO OBREGON,SAN ANGEL,1.0180550713983116,Habitacional/Comercial,1,374150.07,129126.25,226663.47,1835.0,203.89649591280656,1802.456518859637,318.0,61.0,257.0,0.94150424003601,Muy alto,19.3505014771,-99.1934169602,1,302787.70632397884,71362.36367602117,-1,-0.11863726398474506,CRÍTICO (Posible Fuga de Red),107
ALVARO OBREGON,TORRES SAN ANTONIO (U HAB),0.0918905654251311,Habitacional/Comercial,1,239414.61,232914.02,6500.35,8055.0,29.72248417132216,87658.61830029657,229.0,8.0,221.0,0.93080735206604,Alto,19.3854270373,-99.1953711417,1,69656.43872904623,169758.17127095375,-1,-0.15028098478767904,CRÍTICO (Posible Fuga de Red),254
TLALPAN,NIO JESUS (BARR),0.2594834267732268,Habitacional/Reserva,0,107256.52,53299.04,50493.85,2312.0,46.391228373702425,8910.010279849399,225.0,19.0,206.0,0.0,Sin dato,19.2883375958,-99.1618286104,0,29630.83980044081,77625.6801995592,-1,-0.022826646288011898,CRÍTICO (Posible Fuga de Red),116
CUAUHTEMOC,CENTRO IV,1.2587934045539304,Comercial/Servicios,1,855370.09,110727.44,604580.05,6648.0,128.66577767749698,5281.247880668555,205.0,18.0,187.0,0.75175565481186,Bajo,19.4400211235,-99.1392762743,1,274596.4610216856,580773.6289783143,-1,-0.08175800591105331,SOSPECHOSO (Exceso Detectado por IA),869
MIGUEL HIDALGO,CHAPULTEPEC POLANCO (POLANCO),0.6412565178534415,Habitacional/Comercial,1,627269.61,186787.39,393155.88,3039.0,206.40658440276405,4739.133116608041,85.0,18.0,67.0,0.96545135974884,Muy alto,19.4306868766,-99.1932594181,1,302552.98912287434,324716.62087712565,-1,-0.11581662393695868,SOSPECHOSO (Exceso Detectado por IA),486
AZCAPOTZALCO,EL ROSARIO B (U HAB),0.3600582220634059,Industrial/Comercial,2,554755.23,457672.0,97083.28,10036.0,55.27652750099641,27873.26989086968,106.0,32.0,74.0,0.84384691715241,Medio,19.5121778112,-99.1981775452,1,333886.0028859308,220869.22711406916,-1,-0.045031333758110526,SOSPECHOSO (Exceso Detectado por IA),331
GUSTAVO A. MADERO,MAGDALENA DE LAS SALINAS,1.3296928117810254,Habitacional/Industrial,2,440823.13,23022.45,412009.36,3279.0,134.43828301311376,2465.9830984631867,128.0,22.0,106.0,0.83140957355499,Medio,19.4777780189,-99.1459815208,1,384234.90957513975,56588.22042486025,-1,-0.1133119084340325,SOSPECHOSO (Exceso Detectado por IA),85
VENUSTIANO CARRANZA,MORELOS I,0.4491186049931854,Habitacional/Comercial,1,358026.57,320432.85,18566.63,17875.0,20.02945846153846,39800.17706073704,113.0,9.0,104.0,0.73569291830063,Bajo,19.4404512781,-99.1214853838,1,205625.4275663264,152401.1424336736,-1,-0.10982953571867426,SOSPECHOSO (Exceso Detectado por IA),228
VENUSTIANO CARRANZA,MORELOS II,0.4902158295056294,Habitacional/Comercial,1,356947.7,300674.3,39333.57,18629.0,19.160862096730902,38001.62883109444,132.0,13.0,119.0,0.76543772220612,Bajo,19.4473098825,-99.120894364,1,218002.0712499666,138945.62875003341,-1,-0.051843055044241804,SOSPECHOSO (Exceso Detectado por IA),208
GUSTAVO A. MADERO,JOYAS VALLEJO (U HAB),0.1467699317155209,Habitacional/Industrial,2,279328.51,279160.83,167.66,7970.0,35.04749184441656,54302.67566961859,28.0,0.0,28.0,0.92988163232803,Alto,19.5297846136,-99.1729514945,1,265121.67480666173,14206.83519333828,-1,-0.1267023701793859,SOSPECHOSO (Exceso Detectado por IA),21
TLALPAN,BELISARIO DOMINGUEZ,0.2732413472885744,Habitacional/Reserva,0,228562.63,7983.32,216926.41,826.0,276.710205811138,3022.9685521483266,10.0,0.0,10.0,0.86351919174194,Alto,19.2895604994,-99.1566504809,2,186644.61402454769,41918.01597545232,-1,-0.1784522894255799,SOSPECHOSO (Posible Huachicol),63
IZTACALCO,GRANJAS MEXICO I,1.8534812239478584,Habitacional/Industrial,2,383577.04,141290.73,214257.19,9756.0,39.3170397703977,5263.608756294827,312.0,37.0,275.0,0.82139563560486,Medio,19.3991340258,-99.1122414235,1,392345.69165348937,-8768.651653489389,1,0.0257715883948072,DEFICIENCIA (Posible Baja Presión o Desabasto),0
GUSTAVO A. MADERO,LINDAVISTA I,1.2430667491127485,Habitacional/Industrial,2,369692.29,217339.54,121473.17,8870.0,41.6789503945885,7135.578203126303,405.0,42.0,363.0,0.92481523752213,Alto,19.4919499477,-99.133702154,1,402838.6519766791,-33146.36197667912,1,0.03976723441882746,DEFICIENCIA (Posible Baja Presión o Desabasto),0
IZTACALCO,AGRICOLA ORIENTAL I,1.0156749188144256,Habitacional/Industrial,2,360002.33,273646.43,52664.63,16234.0,22.175824196131572,15983.46055345108,227.0,14.0,213.0,0.85333430767059,Medio,19.3997156397,-99.0808175531,1,387205.4841647652,-27203.154164765205,1,0.09125212274909744,DEFICIENCIA (Posible Baja Presión o Desabasto),0
IZTACALCO,PANTITLAN IV,0.7078614442538453,Habitacional/Industrial,2,346151.71,301881.47,22497.55,17822.0,19.42271967231512,25177.24357594602,618.0,12.0,606.0,0.84927141666412,Medio,19.4107312426,-99.0637245805,1,364931.6791177803,-18779.969117780274,1,0.06955920918342862,DEFICIENCIA (Posible Baja Presión o Desabasto),0
GUSTAVO A. MADERO,ACUEDUCTO DE GUADALUPE (U HAB),0.4180001615514097,Habitacional/Industrial,2,337873.52,334783.89,3089.6800000000003,10708.0,31.553373178931643,25617.21497967179,219.0,27.0,192.0,0.93917083740234,Muy alto,19.5237475247,-99.1452671141,1,358274.1086166182,-20400.588616618188,1,0.029877663078430983,DEFICIENCIA (Posible Baja Presión o Desabasto),0
CUAJIMALPA,BOSQUES DE LAS LOMAS,1.7883933696057617,Habitacional/Corporativo,1,287134.66,220114.68,62948.2,13359.0,21.4937240811438,7469.833106653094,495.0,65.0,430.0,0.85614037513733,Medio,19.3903754326,-99.2569945304,1,304271.0940401662,-17136.434040166205,1,0.10033787560884844,DEFICIENCIA (Posible Baja Presión o Desabasto),0
AZCAPOTZALCO,CLAVERIA,0.8627117269617771,Industrial/Comercial,2,283818.48,186817.41,54901.3,9123.0,31.110213745478458,10574.795397911868,339.0,68.0,271.0,0.94426077604294,Muy alto,19.4628805086,-99.1814980519,1,397578.1273505108,-113759.64735051082,1,0.05485275778897364,DEFICIENCIA (Posible Baja Presión o Desabasto),0
CUAJIMALPA,SAN PEDRO CUAJIMALPA (PBLO),1.7238233023725624,Habitacional/Corporativo,1,281445.69,205211.45,36572.3,20692.0,13.60166682775952,12003.550463391945,345.0,51.0,294.0,0.80463647842407,Medio,19.3590147294,-99.3006828445,1,304175.8775553219,-22730.1875553219,1,0.05401532311782237,DEFICIENCIA (Posible Baja Presión o Desabasto),0
ALVARO OBREGON,FLORIDA,1.1351846203847908,Habitacional/Comercial,1,276625.13,195014.93,73311.07,5140.0,53.8181186770428,4527.897848244021,274.0,35.0,239.0,0.9797198176384,Muy alto,19.3595570504,-99.1833430865,1,310681.8632461662,-34056.7332461662,1,0.073293281184594,DEFICIENCIA (Posible Baja Presión o Desabasto),0
COYOACAN,CAMPESTRE CHURUBUSCO,1.460692605624044,Habitacional/Comercial,1,267869.01,175894.87,70501.4,10987.0,24.380541549103487,7521.7742307294575,375.0,162.0,213.0,0.95807206630707,Muy alto,19.3554814381,-99.1342732765,1,314846.86191913404,-46977.85191913403,1,0.09830356600562445,DEFICIENCIA (Posible Baja Presión o Desabasto),0
AZCAPOTZALCO,NUEVA SANTA MARIA,0.7142910615447939,Industrial/Comercial,2,254822.21,175924.56,36447.92,9245.0,27.5632460789616,12942.90310732138,243.0,38.0,205.0,0.94006419181824,Muy alto,19.4644866451,-99.1692088233,1,390618.11311045534,-135795.90311045534,1,0.06868761104288212,DEFICIENCIA (Posible Baja Presión o Desabasto),0
AZCAPOTZALCO,SAN PEDRO XALPA (PBLO),0.3377031559519062,Industrial/Comercial,2,247755.17,226845.82,11254.67,10347.0,23.944638059340875,30639.334627579145,311.0,16.0,295.0,0.87801516056061,Alto,19.4853788328,-99.2146021536,1,332447.6266605259,-84692.4566605259,1,0.0060180541645519225,DEFICIENCIA (Posible Baja Presión o Desabasto),0
IZTAPALAPA,SANTA MARTHA ACATITLA_(PBLO),1.3600665616254362,Habitacional/Industrial,2,240821.26,75.5,240675.36,10987.0,21.918745790479655,8078.281100352376,272.0,47.0,225.0,0.69080567359924,Muy bajo,19.3636582471,-99.0067617348,1,367001.66164744925,-126180.40164744924,-1,-0.07734477141722118,DEFICIENCIA (Posible Baja Presión o Desabasto),0
AZCAPOTZALCO,SAN MARTIN XOCHINAHUAC (PBLO),1.4535795667697469,Industrial/Comercial,2,240439.14,154014.6,68166.70999999999,9052.0,26.56199072028281,6227.385281781328,286.0,24.0,262.0,0.86524963378906,Alto,19.4966164619,-99.1930681289,1,395634.8686471018,-155195.7286471018,1,0.05100768835258762,DEFICIENCIA (Posible Baja Presión o Desabasto),0
IZTACALCO,VIADUCTO PIEDAD,0.5807911411129196,Habitacional/Industrial,2,239839.05,170596.43,24580.68,9852.0,24.344199147381243,16963.068653425857,640.0,32.0,608.0,0.89036411046982,Alto,19.4021314136,-99.1361546895,1,372616.78807341866,-132777.73807341867,1,0.07991140547095221,DEFICIENCIA (Posible Baja Presión o Desabasto),0
ALVARO OBREGON,BELLA VISTA,0.4619079303143597,Habitacional/Comercial,1,237477.42,128282.9,83966.66,8920.0,26.62302914798206,19311.207742047933,282.0,44.0,238.0,0.77801078557968,Bajo,19.3967485013,-99.1960638571,1,246291.40858418596,-8813.98858418595,1,0.01912990967947298,DEFICIENCIA (Posible Baja Presión o Desabasto),0
IZTACALCO,SANTA ANITA,0.5974287756027854,Habitacional/Industrial,2,227609.87,162727.19,39082.98,11027.0,20.641141742994467,18457.43032527037,359.0,16.0,343.0,0.80769735574722,Medio,19.4009916072,-99.1224748888,1,357867.1390041184,-130257.2690041184,1,0.0641296404902113,DEFICIENCIA (Posible Baja Presión o Desabasto),0
IZTAPALAPA,SAN ANDRES TETEPILCO (PBLO),0.8176296602441477,Habitacional/Industrial,2,223463.1,179502.24,16943.9,12820.0,17.43081903276131,15679.470331558046,302.0,20.0,282.0,0.810307264328,Medio,19.3706102009,-99.1365591273,1,371262.8009801982,-147799.7009801982,1,0.06340941647047149,DEFICIENCIA (Posible Baja Presión o Desabasto),0
COYOACAN,LOS REYES (PBLO),1.131256947273839,Habitacional/Comercial,1,216601.73,151883.88999999998,51086.84,16715.0,12.958524080167514,14775.59986728096,352.0,66.0,286.0,0.88423305749893,Alto,19.336814045,-99.1541045839,1,298884.96916568204,-82283.23916568203,1,0.06378368742036272,DEFICIENCIA (Posible Baja Presión o Desabasto),0
COYOACAN,PRADO CHURUBUSCO,0.8971628857704076,Habitacional/Comercial,1,213758.09,176657.84,27077.03,10187.0,20.98341906351232,11354.682813536436,1197.0,35.0,1162.0,0.91910135746002,Alto,19.3545577007,-99.1282612629,1,295968.79561656923,-82210.70561656923,1,0.10971829950820927,DEFICIENCIA (Posible Baja Presión o Desabasto),0
GUSTAVO A. MADERO,TEPEYAC INSURGENTES,0.8973965224742854,Habitacional/Industrial,2,213349.26,109553.54,64434.25,7337.0,29.078541638271773,8175.873001792515,319.0,37.0,282.0,0.92701685428619,Alto,19.4856886903,-99.1189997412,1,396382.76675216435,-183033.50675216434,1,0.0654661036946374,DEFICIENCIA (Posible Baja Presión o Desabasto),0
IZTAPALAPA,ESCUADRON 201,0.687593501562388,Habitacional/Industrial,2,209657.65,150474.97,16560.47,13106.0,15.997073859301082,19060.680431417437,207.0,12.0,195.0,0.82180655002594,Medio,19.3675735463,-99.109190321,1,364397.0901838357,-154739.44018383572,1,0.07125272954482781,DEFICIENCIA (Posible Baja Presión o Desabasto),0
VENUSTIANO CARRANZA,MOCTEZUMA 1A SECCION,0.5614675773637008,Habitacional/Comercial,1,200197.81,138186.71,14008.74,10573.0,18.93481604085879,18831.007214422192,544.0,14.0,530.0,0.84141212701798,Medio,19.4321962003,-99.1084063111,1,262949.22833656793,-62751.418336567935,1,0.10239223361055555,DEFICIENCIA (Posible Baja Presión o Desabasto),0
COYOACAN,SANTA URSULA COAPA (PBLO),0.6500349044383744,Habitacional/Comercial,1,197550.25,158952.71000000002,28642.6,10678.0,18.50067896609852,16426.81020217786,301.0,45.0,256.0,0.80171537399292,Medio,19.3109483022,-99.1454456926,1,263487.671623502,-65937.42162350198,1,0.08183508052466609,DEFICIENCIA (Posible Baja Presión o Desabasto),0
VENUSTIANO CARRANZA,JARDIN BALBUENA III,1.4412811417675415,Habitacional/Comercial,1,180803.28,136941.23,27915.85,13451.0,13.44162367110252,9332.669116522346,775.0,44.0,731.0,0.93502187728882,Alto,19.4181240368,-99.1100740322,1,313007.90781226347,-132204.62781226347,1,0.08954317674325163,DEFICIENCIA (Posible Baja Presión o Desabasto),0
AZCAPOTZALCO,DEL RECREO,0.524876046818779,Industrial/Comercial,2,179120.97,147345.05,14318.4,9416.0,19.02304269328802,17939.473628239335,333.0,26.0,307.0,0.91467791795731,Alto,19.4739965321,-99.1823859529,1,372647.660085,-193526.69008499998,1,0.07317098392960059,DEFICIENCIA (Posible Baja Presión o Desabasto),0
CUAJIMALPA,LAS TINAJAS,0.7136040722369607,Habitacional/Corporativo,1,176969.6,115645.68,60313.27,2070.0,85.49256038647343,2900.7681998101493,302.0,16.0,286.0,0.79848337173462,Medio,19.3510251348,-99.2839015205,1,277047.090057708,-100077.49005770797,1,0.01277111460240421,DEFICIENCIA (Posible Baja Presión o Desabasto),0
XOCHIMILCO,SANTA MARIA TEPEPAN (PBLO),2.0216669897312927,Habitacional/Rural,0,173857.4,106959.66,53076.35,14851.0,11.706780688169149,7345.918034687751,494.0,65.0,429.0,0.82625257968903,Medio,19.2806506051,-99.1364151394,2,205352.59672090178,-31495.19672090179,1,0.11460524735381056,DEFICIENCIA (Posible Baja Presión o Desabasto),0
COYOACAN,INSURGENTES CUICUILCO,0.5863540434504572,Habitacional/Comercial,1,172258.19,116021.38,56236.9,3379.0,50.97904409588636,5762.729937216681,271.0,66.0,205.0,0.9762070775032,Muy alto,19.3046249024,-99.1835335722,1,302471.3584928489,-130213.16849284893,1,0.09856885709448104,DEFICIENCIA (Posible Baja Presión o Desabasto),0
TLALPAN,FUENTES DEL PEDREGAL,2.054114118414326,Habitacional/Reserva,0,133109.83,53588.62,79521.22,3775.0,35.26088211920529,1837.7752074038185,424.0,82.0,342.0,0.94065147638321,Muy alto,19.2985337612,-99.2171140977,2,207821.83363802268,-74712.0036380227,1,0.017939657953599863,DEFICIENCIA (Posible Baja Presión o Desabasto),0
TLALPAN,FUENTES BROTANTES MIGUEL HIDALGO (U HAB),0.4693197524358312,Habitacional/Reserva,0,128032.03,122530.02,5501.969999999999,6387.0,20.04572256145295,13609.058572222091,258.0,16.0,242.0,0.93505835533142,Alto,19.2827041299,-99.1863218844,2,183544.8323530118,-55512.80235301179,1,0.030123552724533376,DEFICIENCIA (Posible Baja Presión o Desabasto),0
CUAJIMALPA,PALO ALTO (GRANJAS),0.5837913416340692,Habitacional/Corporativo,1,126604.08,36329.73,86915.34,2641.0,47.93793260128739,4523.876617641626,210.0,21.0,189.0,0.70449578762054,Muy bajo,19.381406715,-99.2566531412,2,258565.56187588008,-131961.4818758801,-1,-0.2342855152045039,DEFICIENCIA (Posible Baja Presión o Desabasto),0
XOCHIMILCO,XALTOCAN (BARR),1.4576278388467636,Habitacional/Rural,0,118341.44,52216.51,43281.08,10612.0,11.151662269129288,7280.321984242516,304.0,68.0,236.0,0.77594709396362,Bajo,19.2576176336,-99.1015917541,2,185857.68986008773,-67516.24986008773,1,0.11322956016503649,DEFICIENCIA (Posible Baja Presión o Desabasto),0
CUAJIMALPA,EL CONTADERO,3.4619030196553715,Habitacional/Corporativo,1,110574.85,94327.39,13497.26,7861.0,14.066257473603867,2270.716410993672,433.0,52.0,381.0,0.82779633998871,Medio,19.3529397449,-99.2775611594,1,294895.56828003563,-184320.71828003562,1,0.033047635545030485,DEFICIENCIA (Posible Baja Presión o Desabasto),0
XOCHIMILCO,SANTIAGO TULYEHUALCO (PBLO),2.784315080877113,Habitacional/Rural,0,98127.39,60536.68,16561.77,22662.0,4.330041037860736,8139.165051988668,792.0,127.0,665.0,0.7389497756958,Bajo,19.25231026,-99.0121500079,2,209854.91405595915,-111727.52405595915,1,0.10674192694693313,DEFICIENCIA (Posible Baja Presión o Desabasto),0
TLAHUAC,LAS ARBOLEDAS,0.5965304269424156,Habitacional/Rural,0,80191.62,64553.8,8935.69,11548.0,6.94419986144787,19358.610187229817,611.0,66.0,545.0,0.81659340858459,Medio,19.309230551,-99.0547261573,2,161872.3187778159,-81680.69877781591,1,0.04421996793268895,DEFICIENCIA (Posible Baja Presión o Desabasto),0
XOCHIMILCO,SANTA CRUZ XOCHITEPEC (PBLO),2.306393805172509,Habitacional/Rural,0,65486.34,51963.69,6232.04,13709.0,4.776886716755416,5943.911212931229,281.0,51.0,230.0,0.77298253774643,Bajo,19.2557361348,-99.1321016611,2,196575.83685358937,-131089.49685358937,1,0.11554535916468256,DEFICIENCIA (Posible Baja Presión o Desabasto),0
XOCHIMILCO,SAN GREGORIO ATLAPULCO (PBLO),11.267669298072946,Habitacional/Rural,0,60831.28,38662.66,7102.6,29831.0,2.039196808688948,2647.486291162437,355.0,129.0,226.0,0.67319470643997,Muy bajo,19.2546138954,-99.0563919797,2,217644.9439405186,-156813.6639405186,1,0.10008173675743581,DEFICIENCIA (Posible Baja Presión o Desabasto),0
TLAHUAC,UNIDADES HABITACIONALES DE SANTA ANA PONIENTE I,0.5314228613774901,Habitacional/Rural,0,49815.37,44432.58,3491.21,12885.0,3.8661521148622433,24246.22826086379,239.0,37.0,202.0,0.81444555521011,Medio,19.3103733925,-99.0464185833,2,151273.45433946664,-101458.08433946664,1,0.01717610845251466,DEFICIENCIA (Posible Baja Presión o Desabasto),0
TLAHUAC,MIGUEL HIDALGO,0.6997348758410757,Habitacional/Rural,0,46463.57,32811.69,6461.58,10411.0,4.462930554221496,14878.49235395915,341.0,39.0,302.0,0.76421058177948,Bajo,19.2953459342,-99.0470109286,2,162679.59736892185,-116216.02736892184,1,0.08494094982946598,DEFICIENCIA (Posible Baja Presión o Desabasto),0
CUAUHTEMOC,JUAREZ,1.4823661240472443,Comercial/Servicios,1,1046448.3,276014.12,667282.31,7860.0,133.13591603053436,5302.333797631694,1209.0,64.0,1145.0,0.9161628484726,Alto,19.4269705941,-99.1621128862,1,305075.29786346154,741373.0021365385,1,0.014025883251510773,NORMAL,1110
MIGUEL HIDALGO,LOMAS DE CHAPULTEPEC,3.1103772748247343,Habitacional/Comercial,1,838645.61,425581.32,394763.06,3385.5,247.71691330674935,1088.4531684956992,1251.0,260.0,991.0,0.0,Sin dato,19.425775219,-99.2200196863,0,147704.70713383745,690940.9028661626,1,0.02789923435201458,NORMAL,1034
CUAUHTEMOC,DOCTORES IV,0.693519047377668,Comercial/Servicios,1,761460.58,172953.26,549868.32,8224.0,92.59005107003892,11858.362118670802,784.0,22.0,762.0,0.83932733535767,Medio,19.4145531406,-99.1524413921,1,275820.1348798864,485640.44512011355,1,0.027016063175495153,NORMAL,727
CUAUHTEMOC,CUAUHTEMOC,1.2356000008321135,Comercial/Servicios,1,750166.45,324022.41,361931.99,10591.0,70.8305589651591,8571.544183285449,1257.0,64.0,1193.0,0.95580095052719,Muy alto,19.4262827733,-99.1751033802,1,310711.23197856493,439455.218021435,1,0.09834862587372839,NORMAL,658
MAGDALENA CONTRERAS,SAN JERONIMO ACULCO - LIDICE (PBLO),3.707138424457973,Habitacional/Reserva,0,715020.88,519966.83,174013.75,21559.0,33.16577206735006,5815.536818847593,1011.0,376.0,635.0,0.91503071784973,Alto,19.3155378298,-99.2288390852,2,240795.5661307524,474225.31386924756,1,0.07625491878510315,NORMAL,710
BENITO JUAREZ,NAPOLES,0.9047545364166124,Habitacional/Comercial,1,710590.24,441300.44,234159.7,15648.0,45.41093047034765,17295.298746968165,896.0,64.0,832.0,0.96561563014984,Muy alto,19.3971691651,-99.172859452,1,302427.51963122457,408162.7203687754,1,0.1027025924885715,NORMAL,611
CUAUHTEMOC,CENTRO VIII,1.1446375371262654,Comercial/Servicios,1,699272.53,220500.15,382838.12,9318.0,75.0453455677184,8140.568256562538,423.0,20.0,403.0,0.84578329324722,Medio,19.436353043,-99.1466240709,1,290045.54819431226,409226.98180568777,1,0.0653510037079657,NORMAL,613
MIGUEL HIDALGO,GRANADA,0.9775728099318132,Habitacional/Comercial,1,687067.58,261379.47,417265.56,7924.0,86.70716557294296,8105.790095115993,98.0,17.0,81.0,0.9335013628006,Alto,19.4386481344,-99.1893370826,1,301040.35771156696,386027.222288433,1,0.0926328911485278,NORMAL,578
ALVARO OBREGON,JARDINES DEL PEDREGAL,5.859860491367216,Habitacional/Comercial,1,652454.59,541750.2,107271.9,12403.0,52.60457873095218,2116.603290858576,2401.0,176.0,2225.0,0.9699849486351,Muy alto,19.3225661392,-99.2174279214,1,327269.6671115813,325184.92288841866,1,0.08223769438984757,NORMAL,487
MIGUEL HIDALGO,CHAPULTEPEC MORALES (POLANCO),0.589993281730828,Habitacional/Comercial,1,579934.47,310196.69,199587.25,6682.0,86.7905522298713,11325.552691714414,156.0,28.0,128.0,0.97163277864456,Muy alto,19.4366812561,-99.1901012882,1,295143.72422606836,284790.7457739316,1,0.06153128568127203,NORMAL,426
CUAJIMALPA,CORREDOR SANTA FE,1.753454206636622,Habitacional/Corporativo,1,544084.4,306853.67,216263.42,10432.0,52.155329754601226,5949.399739392156,296.0,34.0,262.0,0.97742861509323,Muy alto,19.3630654884,-99.2802953828,1,320411.2127448617,223673.1872551383,1,0.09650828790650368,NORMAL,335
CUAUHTEMOC,ROMA NORTE III,0.8616351011266065,Comercial/Servicios,1,529300.87,275627.24,161783.59,11206.0,47.23370248081385,13005.505445806368,468.0,25.0,443.0,0.91261440515518,Alto,19.4168746997,-99.1644701527,1,293132.2868363554,236168.5831636446,1,0.10716041416186778,NORMAL,354
BENITO JUAREZ,SAN PEDRO DE LOS  PINOS,0.9370009200558744,Habitacional/Comercial,1,523306.12,348287.49,144213.05,13201.0,39.64139989394743,14088.566742509507,900.0,52.0,848.0,0.95705008506775,Muy alto,19.3858704372,-99.1841313903,1,303102.85757219157,220203.26242780843,1,0.12111952932331693,NORMAL,330
MIGUEL HIDALGO,ANZURES,0.8419052183296634,Habitacional/Comercial,1,501693.68,220828.97,249758.2,5233.0,95.871140836996,6215.6640510938405,142.0,21.0,121.0,0.95855975151062,Muy alto,19.4322909558,-99.1796904139,1,303114.806520478,198578.873479522,1,0.06085411636320753,NORMAL,297
CUAUHTEMOC,ROMA NORTE I,0.7311762617439691,Comercial/Servicios,1,464302.45,178743.379,212209.81,5668.0,81.91645201129147,7751.892801444263,769.0,33.0,736.0,0.91237819194794,Alto,19.4205395004,-99.1741056674,1,292426.33024281997,171876.11975718004,1,0.08904834812897727,NORMAL,257
COYOACAN,DEL CARMEN,2.073774976724224,Habitacional/Comercial,1,463407.92,271523.06,162605.67,8786.0,52.743901661734576,4236.718110022978,644.0,57.0,587.0,0.9453387260437,Muy alto,19.3576168869,-99.1698071977,1,314515.48839597835,148892.43160402164,1,0.10561900767732296,NORMAL,223
CUAUHTEMOC,SAN RAFAEL II,0.598407348610093,Comercial/Servicios,1,461236.87,314804.58,85016.1,14742.0,31.287265635598967,24635.39265391861,899.0,15.0,884.0,0.92380428314209,Alto,19.4417426418,-99.1622660405,1,271917.89046160737,189318.97953839262,1,0.09027799642533951,NORMAL,283
MIGUEL HIDALGO,ANAHUAC II,0.8015875468786414,Habitacional/Comercial,1,460961.24,307009.92,103484.52,17160.0,26.862543123543123,21407.51820162444,285.0,30.0,255.0,0.87245279550552,Alto,19.4424362669,-99.1815757851,1,279506.3485838452,181454.8914161548,1,0.09665220223869442,NORMAL,272
MIGUEL HIDALGO,ANAHUAC I,0.676345607485902,Habitacional/Comercial,1,456400.33,360158.3,51870.22,18045.0,25.29234303131061,26680.14665915626,335.0,37.0,298.0,0.90031313896179,Alto,19.4446997017,-99.1734915535,1,271585.02981185366,184815.30018814636,1,0.06413587815216076,NORMAL,277
BENITO JUAREZ,STA CRUZ ATOYAC,1.001498683299349,Habitacional/Comercial,1,454631.07,263176.48,176451.35,9632.0,47.20006955980067,9617.586284056037,861.0,24.0,837.0,0.9429315328598,Muy alto,19.3704719098,-99.1624105381,1,303174.0499344554,151457.02006554458,1,0.11939544302765953,NORMAL,227
AZCAPOTZALCO,INDUSTRIAL VALLEJO (U HAB),3.709906859268224,Industrial/Comercial,2,446847.34,15248.96,428880.18,386.0,1157.6355958549225,104.04573878605088,280.0,82.0,198.0,0.69129711389542,Muy bajo,19.4856193569,-99.1588412348,3,354031.6073514117,92815.73264858831,1,0.0,NORMAL,139
BENITO JUAREZ,DEL VALLE II,0.6702469462415043,Habitacional/Comercial,1,446809.53,316775.62,92059.66,11092.0,40.28214298593581,16549.124262631576,841.0,54.0,787.0,0.96142745018005,Muy alto,19.3938640487,-99.1666072276,1,290972.7448486294,155836.78515137063,1,0.11027430829260504,NORMAL,233
BENITO JUAREZ,DEL VALLE I,0.710405559022441,Habitacional/Comercial,1,441754.9,281433.7,135147.52,10388.0,42.525500577589526,14622.63332271004,452.0,30.0,422.0,0.95667600631714,Muy alto,19.401184088,-99.1643533871,1,293661.35502493894,148093.5449750611,1,0.11985826541319089,NORMAL,222
MIGUEL HIDALGO,POLANCO REFORMA (POLANCO),0.7831204468950003,Habitacional/Comercial,1,438902.96,293670.2,129399.15,5617.0,78.138322948193,7172.587591437413,277.0,34.0,243.0,0.97566395998001,Muy alto,19.4351316901,-99.1970656866,1,304427.0052768907,134475.95472310932,1,0.07712118111295801,NORMAL,201
CUAJIMALPA,LOMAS DE VISTA HERMOSA,3.715331573589745,Habitacional/Corporativo,1,434802.38,332259.0,101985.25,7761.0,56.02401494652751,2088.911809424681,281.0,58.0,223.0,0.8704628944397,Alto,19.3780232322,-99.2806090846,1,301703.99780121027,133098.38219878974,1,0.0476463105711023,NORMAL,199
TLALPAN,TLALPAN CENTRO,1.7895868588256696,Habitacional/Reserva,0,432403.17,237325.91,161959.83,7847.0,55.10426532432777,4384.810919515367,637.0,77.0,560.0,0.88637560606003,Alto,19.2912863909,-99.1668477853,2,203894.57932732865,228508.59067267133,1,0.04653015022681489,NORMAL,342
MIGUEL HIDALGO,ESCANDON II,0.7269558803324147,Habitacional/Comercial,1,431574.28,312798.98,77182.42,16109.0,26.790879632503568,22159.529121126096,987.0,30.0,957.0,0.91300696134567,Alto,19.4030135558,-99.1841699573,1,281131.20242660143,150443.0775733986,1,0.09335503752109697,NORMAL,225
CUAUHTEMOC,SANTA MARIA LA RIBERA IV,0.7541843939486909,Comercial/Servicios,1,429489.26,289078.29,70862.23,14305.0,30.023716183152743,18967.509954831028,594.0,27.0,567.0,0.92450940608978,Alto,19.4458065844,-99.1563016703,1,287023.7760732975,142465.48392670252,1,0.11482196331667471,NORMAL,213
ALVARO OBREGON,TIZAPAN_TIZAPAN SAN ANGEL,0.8518502653626292,Habitacional/Comercial,1,426239.16,225653.86,186790.05,8300.0,51.35411566265061,9743.496407161092,680.0,59.0,621.0,0.90842914581299,Alto,19.3375816445,-99.2008392248,1,293437.17709157325,132801.98290842673,1,0.11293955785380216,NORMAL,199
BENITO JUAREZ,DEL VALLE III,0.7168876319140699,Habitacional/Comercial,1,422891.04,305359.1,88470.97,9190.0,46.01643525571273,12819.30332019114,787.0,44.0,743.0,0.97058767080307,Muy alto,19.3884645499,-99.1735287007,1,297719.36782478215,125171.67217521783,1,0.10756236872175484,NORMAL,187
CUAUHTEMOC,ROMA NORTE II,0.7103501039614326,Comercial/Servicios,1,420606.42,199738.4,161173.15,6571.0,64.00949931517273,9250.3681823305,408.0,13.0,395.0,0.9285334944725,Alto,19.4242055386,-99.1555101567,1,293442.16641129955,127164.25358870043,1,0.1189614201428677,NORMAL,190
BENITO JUAREZ,NARVARTE I,0.6240676653432694,Habitacional/Comercial,1,399035.08,275058.34,80061.39,11758.0,33.93732607586325,18840.90564687804,326.0,25.0,301.0,0.93715333938599,Alto,19.4019955226,-99.1459947891,1,282267.95544515434,116767.12455484568,1,0.10888729102906636,NORMAL,175
IZTACALCO,PANTITLAN V,0.860828469448489,Habitacional/Industrial,2,396850.59,330999.06,37962.79,20518.0,19.34158251291549,23835.17823608385,454.0,20.0,434.0,0.84574854373932,Medio,19.406528679,-99.0589970078,1,375906.7318974021,20943.858102597937,1,0.08073114888587418,NORMAL,31
MIGUEL HIDALGO,MILITAR 1 K LOMAS DE SOTELO (U HAB),2.7482919614587167,Habitacional/Comercial,1,389967.98,7858.87,367830.2,4388.0,88.87146308113036,1596.6280371722123,42.0,2.0,40.0,0.98255252838135,Muy alto,19.4323784542,-99.2222631164,1,314009.8549040457,75958.12509595428,1,0.004679951425754614,NORMAL,114
ALVARO OBREGON,OLIVAR DE LOS PADRES,2.83605006340276,Habitacional/Comercial,1,387025.56,284762.24,84310.6,13829.0,27.986518186419843,4876.148054808186,924.0,203.0,721.0,0.87684404850006,Alto,19.341925288,-99.2089353019,1,314435.2539123212,72590.30608767882,1,0.06958152537883983,NORMAL,109
GUSTAVO A. MADERO,LOMA DE LA PALMA,1.3668556511976395,Habitacional/Industrial,2,366962.56,11628.37,353455.44,12815.0,28.635392898946545,9375.53280682674,149.0,55.0,94.0,0.72959434986115,Bajo,19.5561858008,-99.1409614142,1,375057.80605444824,-8095.246054448246,-1,-0.04012969597589433,NORMAL,0
BENITO JUAREZ,NARVARTE IV,0.6264824778957743,Habitacional/Comercial,1,354968.69,278961.079,39329.14,9909.0,35.82285699868806,15816.882913121995,659.0,29.0,630.0,0.95212751626968,Muy alto,19.3909733473,-99.1469673858,1,288168.8196423331,66799.87035766692,1,0.10867305231013874,NORMAL,100
BENITO JUAREZ,DEL VALLE IV,0.6734450559930557,Habitacional/Comercial,1,345747.26,261879.89,67058.59,8275.0,41.78214622356496,12287.56514931684,519.0,38.0,481.0,0.96512931585312,Muy alto,19.3848519907,-99.1711893325,1,295759.70019804325,49987.559801956755,1,0.12161992549784173,NORMAL,75
BENITO JUAREZ,DEL VALLE VII,0.6238210845472227,Habitacional/Comercial,1,344323.95,269250.72,63677.78,10534.0,32.68691380292387,16886.251941365066,895.0,21.0,874.0,0.96916431188583,Muy alto,19.3715442106,-99.1747781283,1,289729.3694943212,54594.58050567884,1,0.09743061927278102,NORMAL,82
ALVARO OBREGON,GUADALUPE INN,0.6825410019593251,Habitacional/Comercial,1,339488.41,139852.72,182663.62,3786.0,89.66941627047015,5546.9195097903,491.0,33.0,458.0,0.9722011089325,Muy alto,19.3535392464,-99.1899732164,1,303427.4431180852,36060.96688191476,1,0.07103312882110974,NORMAL,54
VENUSTIANO CARRANZA,MOCTEZUMA 2A SECCION I,0.7419654380543391,Habitacional/Comercial,1,309791.65,210647.55,60570.79,12502.0,24.779367301231805,16849.841459979696,145.0,27.0,118.0,0.85240471363068,Medio,19.4380804493,-99.0965238682,1,275896.44604866125,33895.20395133877,1,0.11566546109983511,NORMAL,51
ALVARO OBREGON,LOMAS DE PLATEROS (U HAB) I,0.2878987259370429,Habitacional/Comercial,1,294589.21,282702.37,11886.75,8566.0,34.390521830492645,29753.51826278382,129.0,22.0,107.0,0.93231731653214,Alto,19.3674167938,-99.2076999922,1,240770.81172264772,53818.3982773523,1,0.0374679542144461,NORMAL,81
IZTACALCO,GRANJAS MEXICO II,2.277100568577971,Habitacional/Industrial,2,283864.99,140632.5,121557.92,8405.0,33.77334800713861,3691.097405174708,160.0,30.0,130.0,0.8430460691452,Medio,19.401353055,-99.092087991,1,395657.211243719,-111792.22124371899,1,0.033847965217916165,NORMAL,0
VENUSTIANO CARRANZA,PEON DE LOS BAOS,8.886741328921817,Habitacional/Comercial,1,282982.12,59469.82,204046.29,4638.0,61.01382492453644,521.9010915627388,422.0,33.0,389.0,0.0,Sin dato,19.4418224233,-99.0787954866,0,140464.47863866622,142517.64136133378,1,0.06890919101827281,NORMAL,213
AZCAPOTZALCO,EL ROSARIO A (U HAB),0.2739819961513311,Industrial/Comercial,2,276622.59,258711.37,17720.32,6033.0,45.8515813028344,22019.69503378512,88.0,32.0,56.0,0.89945071935654,Alto,19.510987032,-99.2096957856,1,348698.4721558484,-72075.88215584838,1,0.011455301417990338,NORMAL,0
TLALPAN,TORIELLO GUERRA,1.0107350329543177,Habitacional/Reserva,0,266648.06,140196.45,113889.28,7124.0,37.42954239191465,7048.335882033273,238.0,43.0,195.0,0.88722312450409,Alto,19.2958239996,-99.1625621754,2,195790.2575696435,70857.8024303565,1,0.0876713712597057,NORMAL,106
IZTACALCO,PANTITLAN I,0.7093622415694519,Habitacional/Industrial,2,248019.11,206802.84,17315.12,12952.0,19.14909743668932,18258.654381355173,169.0,15.0,154.0,0.82971507310867,Medio,19.4178028734,-99.0671414635,1,367566.7786512547,-119547.66865125473,1,0.09153897055048249,NORMAL,0
CUAJIMALPA,PORTAL DEL SOL,1.4401478367942535,Habitacional/Corporativo,1,246499.41,214700.33,31799.31,3301.0,74.67416237503787,2292.1257912992974,14.0,0.0,14.0,0.90919077396393,Alto,19.3464743279,-99.2673280121,1,299365.68251575134,-52866.272515751334,1,0.06040291375993878,NORMAL,0
IZTACALCO,AGRICOLA ORIENTAL VI,0.55801720605469,Habitacional/Industrial,2,242464.1,204143.76,8047.69,12939.0,18.739013834144835,23187.457052591097,170.0,14.0,156.0,0.84120827913284,Medio,19.3995623712,-99.0637013971,1,355325.89961215353,-112861.79961215353,1,0.08156276119363676,NORMAL,0
GUSTAVO A. MADERO,LINDAVISTA VALLEJO (U HAB),0.4642563772700578,Habitacional/Industrial,2,237684.73,231167.88,6516.96,9331.0,25.47258921873325,20098.80845335628,35.0,3.0,32.0,0.93439018726349,Alto,19.4923156442,-99.1478357683,1,369488.70288983884,-131803.97288983883,1,0.06891892812070533,NORMAL,0
TLALPAN,JARDINES EN LA MONTAA,1.3566396049598233,Habitacional/Reserva,0,228307.47,73271.56,155036.0,2312.0,98.74890570934257,1704.2108984194588,101.0,19.0,82.0,0.0,Sin dato,19.2985407157,-99.2100275869,0,48365.32757756556,179942.14242243444,1,0.07047110294660747,NORMAL,269
GUSTAVO A. MADERO,SAN JUAN DE ARAGON (PBLO),0.6399658762340538,Habitacional/Industrial,2,227120.27,180140.51,33125.99,11226.0,20.231629253518616,17541.56028765248,190.0,22.0,168.0,0.77210533618927,Bajo,19.4687553423,-99.0821453673,1,355105.05909934104,-127984.78909934105,1,0.03205993215838293,NORMAL,0
VENUSTIANO CARRANZA,MOCTEZUMA 2A SECCION III,0.6808756908140514,Habitacional/Comercial,1,226530.02,174529.49,16835.6,12057.0,18.788257443808572,17708.07823317163,170.0,11.0,159.0,0.85250723361969,Medio,19.4368682655,-99.1016149671,1,272216.2414785122,-45686.22147851219,1,0.11228437646052208,NORMAL,0
TLALPAN,SAN LORENZO HUIPULCO,0.8656346982031577,Habitacional/Reserva,0,223427.37,129824.19,80796.67,6584.0,33.934898238153096,7605.979766830911,414.0,48.0,366.0,0.87059533596039,Alto,19.295880281,-99.1552492147,2,190100.8538019627,33326.51619803731,1,0.09368749166109452,NORMAL,50
IZTACALCO,AGRICOLA ORIENTAL V,0.560261126659216,Habitacional/Industrial,2,217463.78,163739.77,17594.68,10997.0,19.77482768027644,19628.347348626645,197.0,19.0,178.0,0.83492976427078,Medio,19.3973864084,-99.065030122,1,358973.08898760995,-141509.30898760995,1,0.09191027134751961,NORMAL,0
VENUSTIANO CARRANZA,ROMERO RUBIO,0.6269490830403011,Habitacional/Comercial,1,212730.43,152988.85,23621.21,11162.0,19.05845099444544,17803.678643043,184.0,13.0,171.0,0.80722427368164,Medio,19.4451983412,-99.0953004074,1,261850.0947316355,-49119.66473163551,1,0.08703996880442055,NORMAL,0
GUSTAVO A. MADERO,NUEVA INDUSTRIAL VALLEJO (FRACC),1.1721417291153515,Habitacional/Industrial,2,211648.74,137893.14,73698.14,3351.0,63.15987466427932,2858.869296061232,48.0,26.0,22.0,0.93837714195251,Muy alto,19.5086438456,-99.1560311689,1,401498.3119365658,-189849.5719365658,-1,-0.017657522371898993,NORMAL,0
IZTAPALAPA,EJTO CONSTITUCIONALISTA,1.5445478611669383,Habitacional/Industrial,2,208836.43,75939.31,132897.1,7365.0,28.35525186693822,4768.385742631237,67.0,4.0,63.0,0.68520247936249,Muy bajo,19.3837018786,-99.057769513,1,364671.9494723632,-155835.51947236323,-1,-0.07870347752642781,NORMAL,0
COYOACAN,PARQUE SAN ANDRES,0.5500371679198224,Habitacional/Comercial,1,208021.81,131199.94,66154.85,5242.0,39.68367226249523,9530.265054313772,138.0,49.0,89.0,0.94934886693954,Muy alto,19.345548238,-99.1457417368,1,292521.64447028085,-84499.83447028085,1,0.12079536904413951,NORMAL,0
IZTAPALAPA,TEPALCATES I,0.5372239952945117,Habitacional/Industrial,2,206164.66,171697.92,17848.15,10957.0,18.81579446928904,20395.58935559693,77.0,8.0,69.0,0.84513068199158,Medio,19.3885497617,-99.0526947175,1,358358.74068049213,-152194.08068049213,1,0.09448878791139181,NORMAL,0
AZCAPOTZALCO,LA RAZA,0.214273496592238,Industrial/Comercial,2,204679.0,29664.78,161943.99,2211.0,92.57304387155132,10318.588323629812,69.0,16.0,53.0,0.8309873342514,Medio,19.4659515496,-99.1446914422,1,360419.25188419106,-155740.25188419106,-1,-0.03745216912996985,NORMAL,0
VENUSTIANO CARRANZA,MOCTEZUMA 2A SECCION II,0.5532463833582915,Habitacional/Comercial,1,200551.66,151098.36,14350.59,10125.0,19.80757135802469,18301.068573715165,188.0,34.0,154.0,0.85238879919052,Medio,19.4308511806,-99.0952012672,1,265030.5641696759,-64478.90416967592,1,0.11294651489649793,NORMAL,0
AZCAPOTZALCO,SANTA BARBARA (PBLO),1.2693431286862835,Industrial/Comercial,2,198666.2,95512.81,86708.73,6478.0,30.66782957702995,5103.427003779865,143.0,17.0,126.0,0.82374584674835,Medio,19.4959027693,-99.1803763243,1,384801.28034505085,-186135.08034505084,1,0.04923397502145371,NORMAL,0
IZTAPALAPA,MIRASOLES (U HAB),0.4722273170118483,Habitacional/Industrial,2,196175.96,186522.07,9653.78,10527.0,18.63550489218201,22292.230078116965,70.0,10.0,60.0,0.86718559265137,Alto,19.3134233105,-99.0757267966,1,355351.8233606813,-159175.8633606813,1,0.08410261569635541,NORMAL,0
VENUSTIANO CARRANZA,FEDERAL,0.8648907740677172,Habitacional/Comercial,1,194304.96,126893.72,34407.47,10649.0,18.2463104516856,12312.537396966416,100.0,15.0,85.0,0.85249823331833,Medio,19.4203474358,-99.083452228,1,283475.19982753694,-89170.23982753695,1,0.10439701918709193,NORMAL,0
COYOACAN,CTM VII CULHUACAN (U HAB),0.5828225024382869,Habitacional/Comercial,1,192329.02,154835.95,34328.52,7938.0,24.22890148652053,13619.927107808484,329.0,187.0,142.0,0.92267417907715,Alto,19.3266220129,-99.1100664567,1,283967.3780084768,-91638.35800847682,1,0.11952569201350022,NORMAL,0
MAGDALENA CONTRERAS,HEROES DE PADIERNA,0.4010615683339109,Habitacional/Reserva,0,187605.12,79952.35,100684.59,4616.0,40.64235701906412,11509.45481806142,113.0,35.0,78.0,0.85220390558243,Medio,19.3154875097,-99.2230365107,2,170786.5256223092,16818.59437769081,1,0.03590302468577955,NORMAL,25
COYOACAN,COPILCO EL BAJO,0.182699923632239,Habitacional/Comercial,1,181966.03,157441.45,21114.7,3806.0,47.810307409353655,20831.97367756533,78.0,31.0,47.0,0.92960637807846,Alto,19.3390826483,-99.1893240899,1,252648.75407009237,-70682.72407009237,1,0.08691040195305949,NORMAL,0
COYOACAN,INTEGRACION LATINOAMERICANA (U HAB),0.1374943093714952,Habitacional/Comercial,1,174148.19999999998,165551.8,8596.33,3255.0,53.50175115207373,23673.707041978963,32.0,2.0,30.0,0.95158404111862,Muy alto,19.3382608527,-99.1787786404,1,246457.3677712473,-72309.16777124733,1,0.04046874991737465,NORMAL,0
IZTAPALAPA,LOMAS ESTRELLA 2A SECC II,0.8022488849108488,Habitacional/Industrial,2,166122.16,151775.38,8765.35,12057.0,13.778067512648256,15029.001880557122,178.0,36.0,142.0,0.93929654359818,Muy alto,19.3202813408,-99.0903727128,1,392486.00018128543,-226363.84018128543,1,0.033485960518018054,NORMAL,0
IZTAPALAPA,SECTOR POPULAR,0.5591044838510835,Habitacional/Industrial,2,154738.7,114144.81,15459.33,9839.0,15.727075922349831,17597.784106880103,121.0,6.0,115.0,0.85909956693649,Medio,19.3686125409,-99.1168079439,1,365544.82813500694,-210806.12813500693,1,0.08363955610176604,NORMAL,0
IZTAPALAPA,JUAN ESCUTIA I,0.6212896711746155,Habitacional/Industrial,2,153509.74,104978.2,20022.9,9661.0,15.889632543214988,15549.91246150098,144.0,9.0,135.0,0.78379625082016,Medio,19.3967959226,-99.0515884982,1,358315.50383261207,-204805.76383261208,1,0.03441367932124917,NORMAL,0
IZTAPALAPA,LOMAS ESTRELLA 2A SECC I,0.4538540377505729,Habitacional/Industrial,2,148881.71,127129.26,18493.53,10369.0,14.358347960266178,22846.552277890165,111.0,17.0,94.0,0.91118723154068,Alto,19.3168773423,-99.090231774,1,360646.4030990078,-211764.6930990078,1,0.04001420217183799,NORMAL,0
CUAJIMALPA,SAN JOSE DE LOS CEDROS II,0.6689672904909266,Habitacional/Corporativo,1,142484.3,84062.01,39994.1,6908.0,20.62598436595252,10326.364380133611,112.0,16.0,96.0,0.80903381109238,Medio,19.3657927359,-99.2864384198,1,271421.4066806522,-128937.10668065218,1,0.09117140109137672,NORMAL,0
TLALPAN,GRANJAS COAPA,0.4001804925506211,Habitacional/Reserva,0,141490.66,116431.15,21230.82,4720.0,29.976834745762712,11794.67787126815,211.0,45.0,166.0,0.95847177505493,Muy alto,19.2918980085,-99.116151859,2,188001.53199941,-46510.87199941001,1,0.0013910884824491765,NORMAL,0
TLALPAN,VERGEL DE COYOACAN-VERGEL DEL SUR,0.5501365037595722,Habitacional/Reserva,0,120776.9,9101.94,111674.96,2172.0,55.606307550644566,3948.1110327287706,159.0,10.0,149.0,0.97087156772614,Muy alto,19.2988714811,-99.1363398977,2,205226.3869397306,-84449.48693973062,-1,-0.018657306838906096,NORMAL,0
CUAJIMALPA,LOMAS DEL CHAMIZAL,1.150965719648842,Habitacional/Corporativo,1,108592.29,83669.84,12920.24,4820.0,22.529520746887965,4187.787627133304,153.0,35.0,118.0,0.81271713972092,Medio,19.3933152935,-99.2630283625,1,282817.2468908136,-174224.9568908136,1,0.06927081197268858,NORMAL,0
XOCHIMILCO,LA NORIA TEPEPAN,0.3199382074354439,Habitacional/Rural,0,81204.19,59337.86,18899.23,3199.0,25.384241950609567,9998.805787037749,116.0,21.0,95.0,0.92039674520493,Alto,19.2673004696,-99.1318484912,2,182593.3845445701,-101389.19454457008,1,0.06789209322530582,NORMAL,0
XOCHIMILCO,LA NORIA,0.4472127701717104,Habitacional/Rural,0,80430.6,63549.38,16068.51,1200.0,67.02550000000001,2683.286524978372,25.0,12.0,13.0,0.95369970798492,Muy alto,19.2626446217,-99.1228755373,2,203421.92229495716,-122991.32229495715,-1,-0.03469035129856457,NORMAL,0
TLAHUAC,DEL MAR SUR,1.2636571850431546,Habitacional/Rural,0,78780.36,58725.32,10615.07,15251.0,5.165586518916792,12068.937826265888,147.0,22.0,125.0,0.76936537027359,Bajo,19.289346907,-99.0562896423,2,184841.48094222505,-106061.12094222505,1,0.1072562289996925,NORMAL,0
XOCHIMILCO,SAN MARCOS (AMPL),11.802138917035196,Habitacional/Rural,0,78648.68000000001,19803.95,54338.59,17225.0,4.565961103047896,1459.4812110826329,170.0,16.0,154.0,0.65734100341797,Muy bajo,19.2935340268,-99.1038996209,2,180087.11798735446,-101438.43798735445,1,0.028489751865127755,NORMAL,0
XOCHIMILCO,SAN MATEO XALPA (PBLO),1.7905185481504071,Habitacional/Rural,0,77883.3,18615.77,51336.3,10398.0,7.490219272937104,5807.256233531375,147.0,45.0,102.0,0.73870897293091,Bajo,19.2336706419,-99.1175380029,2,182601.46096383574,-104718.16096383573,1,0.09887678266027472,NORMAL,0
TLAHUAC,LOS OLIVOS,0.7308036792151762,Habitacional/Rural,0,73337.47,58314.3,9977.03,8893.0,8.246651298774317,12168.794784326154,182.0,23.0,159.0,0.75747883319855,Bajo,19.3030038977,-99.0614164742,2,164949.88574586145,-91612.41574586145,1,0.09479454886559202,NORMAL,0
MILPA ALTA,SAN ANTONIO TECOMITL (PBLO),8.365749585419117,Rural/Reserva,0,70917.61,43832.46,10653.15,30097.0,2.3563016247466524,3597.645338614587,236.0,119.0,117.0,0.6939502954483,Muy bajo,19.2248682043,-98.9945182182,2,225440.00961021255,-154522.39961021254,1,0.11605428721752903,NORMAL,0
XOCHIMILCO,POTRERO DE SAN BERNARDINO,0.5420451346229567,Habitacional/Rural,0,65659.61,32442.1,30386.730000000003,2219.0,29.589729607931503,4093.755036734207,91.0,25.0,66.0,0.88577151298523,Alto,19.2679259213,-99.1223498808,2,190747.69457923484,-125088.08457923484,1,0.08987994638296182,NORMAL,0
MAGDALENA CONTRERAS,SAN FRANCISCO (BARR),0.5976423885259021,Habitacional/Reserva,0,62929.75,59837.53,1694.24,4898.0,12.848050224581462,8195.536484754743,94.0,22.0,72.0,0.87457978725433,Alto,19.3086578372,-99.2397632139,2,184642.92725789742,-121713.17725789742,1,0.10944735748833112,NORMAL,0
TLAHUAC,VILLA CENTROAMERICANA (U HAB),0.449765010657851,Habitacional/Rural,0,57936.73,47326.57,10610.16,6624.0,8.746487016908212,14727.6907785943,63.0,7.0,56.0,0.9042107462883,Alto,19.2807246908,-99.0555603657,2,175857.2697120736,-117920.5397120736,1,0.048117366799675154,NORMAL,0
TLAHUAC,VILLAS DE LOS TRABAJADORES (GDF) (U HAB),0.2017681308072166,Habitacional/Rural,0,56638.8,56372.39,266.44,3655.0,15.49625170998632,18114.85285301197,14.0,8.0,6.0,0.91443467140198,Alto,19.2803825457,-99.0533799657,2,159405.74355608434,-102766.94355608434,-1,-0.0003477721206123219,NORMAL,0
MAGDALENA CONTRERAS,CUAUHTEMOC,0.3012816752866621,Habitacional/Reserva,0,56340.03,39436.71,3692.02,6140.0,9.175900651465795,20379.59990151389,104.0,69.0,35.0,0.77811270952225,Bajo,19.3194053841,-99.2404747695,2,137127.07826922485,-80787.04826922485,1,0.037075726924373165,NORMAL,0
MAGDALENA CONTRERAS,LA MALINCHE,0.370051728166937,Habitacional/Reserva,0,46243.14,35319.24,1654.72,10112.0,4.573095332278481,27325.909407558,147.0,90.0,57.0,0.77764266729355,Bajo,19.3223079193,-99.2397247304,2,128261.86069216281,-82018.72069216281,1,0.009716681157719176,NORMAL,0
MAGDALENA CONTRERAS,LOMAS QUEBRADAS,0.447023535265805,Habitacional/Reserva,0,44090.93,37084.05,3422.81,4255.0,10.36214571092832,9518.514494924591,97.0,59.0,38.0,0.86055564880371,Alto,19.3152149756,-99.2441681384,2,176852.07947088408,-132761.1494708841,1,0.10041687694205931,NORMAL,0
TLAHUAC,AGRICOLA METROPOLITANA,0.3558284919583214,Habitacional/Rural,0,38757.96,34652.61,999.26,9322.0,4.157687191589788,26198.01452294016,192.0,26.0,166.0,0.71259021759033,Bajo,19.2927675757,-99.0539173228,2,118405.87837262917,-79647.91837262918,-1,-0.02598178880592117,NORMAL,0
MILPA ALTA,VILLA MILPA ALTA (PBLO),7.64569964574789,Rural/Reserva,0,38119.77,12350.49,18885.81,19881.0,1.9173970122227253,2600.285248068396,174.0,30.0,144.0,0.65245872735977,Muy bajo,19.1961661827,-99.0246489503,2,192837.52434675753,-154717.75434675755,1,0.0824808648041509,NORMAL,0
TLAHUAC,SAN JUAN IXTAYOPAN (PBLO),2.076293160353074,Habitacional/Rural,0,34903.16,24025.03,2919.82,10041.0,3.476064137038144,4836.0222880532565,59.0,14.0,45.0,0.73205655813217,Bajo,19.2459923545,-98.9950986643,2,182660.8199273794,-147757.6599273794,1,0.09484967700060815,NORMAL,0
TLAHUAC,LA NOPALERA,0.4190306831274274,Habitacional/Rural,0,33337.62,21827.1,7995.68,6405.0,5.204936768149883,15285.276849409704,98.0,12.0,86.0,0.79292821884155,Medio,19.299046049,-99.0524675443,2,155063.21140821397,-121725.59140821398,1,0.08159524627553622,NORMAL,0
MAGDALENA CONTRERAS,SANTA TERESA,0.2210213983602265,Habitacional/Reserva,0,27109.82,16987.61,5052.46,2439.0,11.115137351373514,11035.1306167417,82.0,47.0,35.0,0.83081543445587,Medio,19.3083069909,-99.2311390402,2,162569.8600579428,-135460.0400579428,1,0.09684421345391359,NORMAL,0
MAGDALENA CONTRERAS,LA CONCEPCION,0.2198864184687897,Habitacional/Reserva,0,25948.800000000003,944.95,24968.050000000003,1816.0,14.28898678414097,8258.809310033666,77.0,4.0,73.0,0.79886746406555,Medio,19.3041712643,-99.2360781726,2,163538.8347107987,-137590.0347107987,1,0.093747214194213,NORMAL,0
MAGDALENA CONTRERAS,SAN BARTOLO AMEYALCO,0.1673886910952569,Habitacional/Reserva,0,16942.57,14534.84,413.02,4630.0,3.659302375809935,27660.17208035385,20.0,12.0,8.0,0.78263282775879,Bajo,19.3265198329,-99.2422979929,2,112367.43247388066,-95424.86247388067,-1,-0.016933051067409832,NORMAL,0
MAGDALENA CONTRERAS,LA MAGDALENA ATLITIC (PBLO),0.3256927670485293,Habitacional/Reserva,0,16362.69,14266.95,1299.89,3311.0,4.941917849592269,10166.02250643979,47.0,6.0,41.0,0.79886263608933,Medio,19.3017018663,-99.2461022116,2,162130.25112756056,-145767.56112756056,1,0.1095011141026308,NORMAL,0
MILPA ALTA,SAN PEDRO ATOCPAN (PBLO),4.582359439731846,Rural/Reserva,0,13479.1,3354.77,7642.66,9822.0,1.3723376094481776,2143.437268328905,53.0,23.0,30.0,0.60523009300232,Muy bajo,19.2030136055,-99.0482183537,2,163267.58739973142,-149788.4873997314,1,0.027754130827006562,NORMAL,0
MILPA ALTA,SAN BARTOLOME XICOMULCO (PBLO),1.877147551831276,Rural/Reserva,0,10565.34,7316.55,1410.16,4334.0,2.4377803414859254,2308.822231780293,38.0,5.0,33.0,0.69193661212921,Muy bajo,19.2058300216,-99.0695589525,2,166952.72052914975,-156387.38052914976,1,0.10671359374496042,NORMAL,0
MILPA ALTA,SAN FRANCISCO TECOXPA (PBLO),2.121865890673212,Rural/Reserva,0,3275.28,293.59000000000003,2768.38,5329.0,0.6146143741790205,2511.468808384139,41.0,16.0,25.0,0.6485430598259,Muy bajo,19.1998193689,-99.0067926259,2,161518.30423649546,-158243.02423649546,1,0.07192683825000162,NORMAL,0
MILPA ALTA,SANTA ANA TLACOTENCO (PBLO),4.760036348349738,Rural/Reserva,0,2920.61,669.15,1431.12,11572.0,0.2523859315589353,2431.0738727892085,22.0,11.0,11.0,0.67981112003326,Muy bajo,19.1728972994,-98.9966617391,2,179656.6648572766,-176736.0548572766,1,0.0985795642114144,NORMAL,0
MILPA ALTA,SAN PABLO OZTOTEPEC (PBLO),2.9290904065966585,Rural/Reserva,0,2920.61,0.0,0.0,18407.0,0.1586684413538328,6284.20343685714,38.0,0.0,0.0,0.68255680799484,Muy bajo,,,2,192996.73952810225,-190076.12952810226,1,0.09179361628605459,NORMAL,0
MILPA ALTA,SAN SALVADOR CUAUHTENCO (PBLO),4.543997103777812,Rural/Reserva,0,2836.16,850.42,1492.05,15772.0,0.179822470200355,3470.952916516472,42.0,1.0,41.0,0.67252886295319,Muy bajo,19.1920499818,-99.0896307385,2,188266.6597807884,-185430.4997807884,1,0.09004969661334816,NORMAL,0
MILPA ALTA,SAN LORENZO TLACOYUCAN (PBLO),2.9290904065966585,Rural/Reserva,0,1180.63,0.0,1037.82,4089.0,0.2887331865981902,1395.9965150925652,5.0,4.0,1.0,0.59568250179291,Muy bajo,19.1763136665,-99.0325976518,2,150540.60767019083,-149359.97767019083,-1,-0.025633839290733262,NORMAL,0
MILPA ALTA,SAN JERONIMO MIACATLAN (PBLO),1.188071572527064,Rural/Reserva,0,1164.42,449.96,449.0,3798.0,0.3065876777251185,3196.7771031854086,6.0,1.0,5.0,0.68453431129456,Muy bajo,19.1917889376,-99.0015901969,2,163033.5110852433,-161869.0910852433,1,0.10419333363340455,NORMAL,0
